unit,25,1,1,2,5,5,1,2,0,0,4,0,1,0
state,45,1,4,5,8,6,1,3,1,0,7,0,4,1
need,17,0,2,6,3,2,1,0,0,0,2,0,1,0
secur,14,0,1,3,5,3,0,0,0,0,1,0,0,0
wall,14,0,3,4,2,2,0,0,0,0,2,0,0,0
southern,4,0,1,1,0,2,0,0,0,0,0,0,0,0
border,13,0,1,4,2,2,0,0,0,0,2,0,0,0
must,23,1,3,7,1,3,0,0,0,0,2,0,0,5
part,6,1,0,0,0,2,0,0,0,1,0,0,2,0
approv,8,1,0,1,1,3,0,0,1,0,0,0,0,0
safeti,3,0,0,1,0,2,0,0,0,0,0,0,0,0
countri,44,1,4,9,6,3,1,2,0,0,10,0,1,4
today,35,1,3,7,9,1,0,0,0,0,11,0,1,1
great,135,9,2,30,23,2,0,15,3,2,33,0,8,2
honor,22,1,2,4,3,0,0,2,1,0,9,0,0,0
welcom,8,1,0,0,2,0,0,0,0,0,5,0,0,0
prime,3,0,0,0,1,0,0,0,0,0,2,0,0,0
minist,3,0,0,0,1,0,0,0,0,0,2,0,0,0
friend,11,0,0,1,1,2,1,1,0,0,5,0,0,0
alli,2,0,0,0,1,0,0,0,0,0,1,0,0,0
joint,3,0,0,0,2,0,0,0,0,0,1,0,0,0
press,5,1,0,0,2,0,0,0,0,0,1,0,0,0
confer,4,0,0,1,1,0,0,0,0,0,1,0,1,0
want,23,0,3,3,6,2,1,0,1,0,2,0,2,2
thank,49,10,2,6,8,0,0,7,1,0,12,0,1,1
cabinet,3,0,0,2,0,0,0,0,0,0,1,0,0,0
work,38,1,1,10,14,0,1,1,1,0,7,0,0,0
tireless,1,0,0,1,0,0,0,0,0,0,0,0,0,0
behalf,7,1,0,2,1,0,0,1,0,0,2,0,0,0
year,60,4,3,12,13,2,4,2,1,0,9,1,3,5
monument,2,0,0,1,0,0,0,0,0,0,1,0,0,0
achiev,3,0,0,2,1,0,0,0,0,0,0,0,0,0
look,26,1,2,7,9,0,0,0,1,0,3,0,2,0
forward,10,0,0,4,4,0,0,0,0,0,2,0,0,0
ahead,3,1,0,2,0,0,0,0,0,0,0,0,0,0
togeth,18,0,0,7,2,0,0,4,0,0,3,0,1,0
deliv,9,1,0,4,2,0,1,0,0,0,1,0,0,0
result,6,0,0,3,0,0,1,0,0,1,0,0,1,0
make,43,2,0,16,2,1,1,7,2,1,6,0,2,0
singl,2,0,0,0,0,0,0,0,0,0,1,0,0,1
greatest,4,0,0,1,0,0,0,1,0,0,0,0,1,1
witch,4,1,0,1,0,0,0,0,0,0,1,0,0,1
hunt,5,1,1,1,0,0,0,0,0,0,1,0,0,1
histori,13,0,1,4,0,0,1,0,0,0,4,0,0,2
continu,9,0,1,1,2,1,0,2,0,0,1,0,0,1
collus,12,2,2,0,2,1,0,0,1,1,0,0,1,2
everybodi,2,0,0,0,1,0,0,0,0,0,0,0,0,1
includ,7,0,0,2,0,3,0,0,0,0,1,0,0,1
know,16,2,1,0,6,1,0,0,0,0,0,0,1,1
amp,61,3,5,10,17,5,1,0,2,1,8,0,3,3
yet,7,0,0,0,0,0,1,0,0,0,3,0,0,2
goe,3,0,0,1,0,0,0,0,0,0,1,0,0,1
world,16,0,0,1,4,3,1,4,0,0,0,0,0,2
laugh,1,0,0,0,0,0,0,0,0,0,0,0,0,1
stupid,1,0,0,0,0,0,0,0,0,0,0,0,0,1
wit,3,0,1,0,0,0,0,0,0,0,0,0,0,1
republican,29,1,1,4,6,1,1,1,0,1,6,0,1,4
final,17,2,2,5,3,0,0,2,0,0,0,0,1,1
take,13,1,2,2,2,0,0,0,0,0,1,0,3,1
control,5,0,1,0,1,0,0,0,0,0,0,0,0,1
fact,9,0,0,0,3,1,0,0,0,0,0,0,1,2
sneaki,1,0,0,0,0,0,0,0,0,0,0,0,0,1
numer,3,0,0,0,0,0,0,0,0,0,0,0,1,1
occas,1,0,0,0,0,0,0,0,0,0,0,0,0,1
found,2,0,0,1,0,0,0,0,0,0,0,0,0,1
would,39,1,2,4,8,1,2,1,2,1,7,1,2,4
releas,7,3,0,0,2,0,0,0,0,0,0,0,0,1
testimoni,1,0,0,0,0,0,0,0,0,0,0,0,0,1
underhand,1,0,0,0,0,0,0,0,0,0,0,0,0,1
possibl,6,1,1,1,0,0,0,0,0,0,0,0,2,1
illeg,11,0,0,1,3,2,0,0,0,0,1,0,0,1
way,10,0,0,1,3,1,0,0,0,0,0,0,1,2
total,18,0,3,2,1,1,1,0,0,2,0,1,2,2
without,6,0,2,1,1,0,0,0,0,0,1,0,0,1
author,5,0,1,0,0,0,0,0,1,0,0,1,1,1
disgrac,4,0,0,0,0,0,0,0,0,0,0,0,0,3
tough,3,0,0,0,1,0,0,0,0,0,0,0,0,1
primari,8,0,0,1,4,1,0,0,0,0,0,0,0,2
show,15,0,2,3,3,2,0,0,2,0,2,0,0,0
everyon,13,1,3,1,1,0,0,2,0,0,2,0,1,0
broken,2,0,1,0,1,0,0,0,0,0,0,0,0,0
unfair,7,1,1,1,2,0,0,0,1,0,0,0,1,0
court,6,1,1,1,1,0,0,0,0,0,0,0,0,0
system,9,0,2,3,2,0,0,0,0,0,0,0,0,0
oppos,1,0,1,0,0,0,0,0,0,0,0,0,0,0
side,5,1,2,0,1,0,0,0,0,0,1,0,0,0
case,3,0,1,0,0,0,1,0,0,0,0,0,0,0
alway,9,0,2,0,0,0,0,2,0,0,4,0,0,0
run,9,1,1,1,1,0,0,1,0,0,1,1,1,0
circuit,1,0,1,0,0,0,0,0,0,0,0,0,0,0
almost,5,0,1,0,1,0,0,0,0,0,0,0,1,0
win,19,1,1,1,4,1,0,1,0,2,6,0,0,1
revers,1,0,1,0,0,0,0,0,0,0,0,0,0,0
higher,5,0,1,1,0,0,0,0,0,0,0,1,0,1
agent,4,0,1,0,0,0,0,0,0,0,1,0,0,0
offic,10,0,1,2,1,0,1,0,0,0,2,0,2,0
entir,9,1,1,2,0,1,0,1,0,0,3,0,0,0
nation,36,1,2,5,12,1,0,3,1,0,6,0,1,1
keep,9,0,0,1,4,0,1,0,0,0,2,0,0,1
fellow,1,0,0,0,0,0,0,0,0,0,1,0,0,0
safe,5,1,1,2,0,0,0,0,0,0,1,0,0,0
grate,2,0,0,0,0,0,0,0,0,0,2,0,0,0
presid,44,4,4,1,10,1,1,1,2,1,8,2,6,1
agre,3,0,1,0,0,0,0,1,0,0,1,0,0,0
made,15,1,1,2,1,2,0,1,0,0,1,0,3,1
clear,2,0,0,1,0,1,0,0,0,0,0,0,0,0
sign,8,0,0,5,0,0,0,0,0,1,2,0,0,0
new,29,1,1,9,10,0,1,0,0,1,4,0,2,0
execut,2,0,0,1,0,0,1,0,0,0,0,0,0,0
order,11,1,1,2,4,0,0,0,0,0,2,0,0,0
ensur,2,0,0,1,1,0,0,0,0,0,0,0,0,0
veteran,5,0,1,2,0,0,0,0,0,0,2,0,0,0
resourc,1,0,0,1,0,0,0,0,0,0,0,0,0,0
transit,2,0,1,1,0,0,0,0,0,0,0,0,0,0
back,24,1,2,7,3,0,1,1,0,0,3,0,2,1
civilian,1,0,0,1,0,0,0,0,0,0,0,0,0,0
life,12,1,1,5,2,0,0,0,0,0,0,0,1,1
hero,6,0,1,1,1,0,0,1,0,0,2,0,0,0
given,6,0,1,1,2,1,0,0,0,0,1,0,0,0
care,7,2,0,4,1,0,0,0,0,0,0,0,0,0
support,11,1,0,1,3,0,0,0,0,0,5,0,1,0
rich,2,0,0,2,0,0,0,0,0,0,0,0,0,0
deserv,5,0,0,2,1,0,0,0,0,0,1,0,0,1
democrat,28,0,3,5,8,1,1,0,2,1,2,0,3,0
lawmak,1,0,0,0,0,0,0,0,0,0,1,0,0,0
product,3,1,0,0,1,0,0,0,0,0,1,0,0,0
meet,14,1,0,2,6,0,0,0,0,0,4,0,1,0
immigr,9,0,1,2,2,1,0,0,0,0,2,0,0,0
reform,17,0,0,5,2,1,1,0,0,0,2,1,3,1
strong,13,0,0,2,3,0,1,0,1,0,3,0,2,0
agreement,2,0,0,0,1,0,0,0,0,0,1,0,0,0
negoti,4,0,0,0,2,0,0,0,0,0,1,0,1,0
bill,23,0,2,8,1,0,0,0,0,1,7,0,3,0
deal,12,1,0,2,4,1,0,0,0,0,2,0,0,1
chain,5,0,1,2,0,0,0,0,0,0,1,0,0,1
migrat,5,0,1,2,0,0,0,0,0,0,1,0,0,1
lotteri,6,0,1,2,1,0,0,0,0,0,1,0,0,1
king,3,0,0,0,2,0,0,0,0,0,1,0,0,0
histor,7,0,0,2,0,1,1,0,0,0,3,0,0,0
park,1,0,0,0,0,0,0,0,0,0,1,0,0,0
act,5,0,1,0,1,0,0,0,0,0,1,0,1,0
martin,1,0,0,0,0,0,0,0,0,0,1,0,0,0
junior,1,0,0,0,0,0,0,0,0,0,1,0,0,0
site,1,0,0,0,0,0,0,0,0,0,1,0,0,0
peopl,50,1,5,7,12,5,0,2,1,0,7,0,3,3
incred,10,0,2,1,1,0,0,0,1,0,5,0,0,0
law,8,0,3,1,2,0,0,0,0,0,2,0,0,0
enforc,5,0,1,1,2,0,0,0,0,0,1,0,0,0
fight,10,0,1,3,3,0,0,0,0,1,1,0,0,1
never,22,1,0,4,1,2,1,0,1,1,5,0,1,2
ever,21,1,1,5,4,2,1,0,0,0,2,0,2,1
let,8,0,0,2,2,1,0,0,0,0,3,0,0,0
men,7,1,1,0,2,1,0,1,0,0,1,0,0,0
women,8,1,0,0,2,2,0,1,0,0,1,0,0,1
blue,3,0,0,0,1,0,0,1,0,0,1,0,0,0
farmer,2,0,0,1,1,0,0,0,0,0,0,0,0,0
flag,5,0,2,1,0,0,0,0,0,0,0,0,0,1
respect,14,1,0,3,3,1,0,0,0,0,1,0,3,1
anthem,6,0,1,1,1,0,0,1,0,0,0,0,0,1
also,15,1,1,2,2,2,0,1,0,0,0,0,2,1
everi,10,0,0,2,3,1,1,1,0,1,0,0,0,1
decis,6,0,0,1,4,0,0,0,0,0,0,0,0,1
proud,7,0,1,2,1,0,0,2,0,0,0,0,0,0
farm,1,0,0,1,0,0,0,0,0,0,0,0,0,0
legaci,1,0,0,1,0,0,0,0,0,0,0,0,0,0
crush,1,0,0,1,0,0,0,0,0,0,0,0,0,0
tax,75,1,1,20,14,1,4,2,2,1,16,1,8,1
crippl,1,0,0,1,0,0,0,0,0,0,0,0,0,0
reg,4,0,0,2,0,0,0,0,0,0,1,0,0,0
corrupt,9,0,1,1,2,2,0,0,0,0,0,0,3,0
polit,12,1,1,2,4,1,0,0,0,1,1,0,0,1
left,4,0,0,1,1,1,0,0,0,0,0,0,0,1
communiti,6,0,0,3,1,0,0,1,0,0,1,0,0,0
hurt,3,0,0,2,0,0,0,0,0,0,0,0,0,0
economi,17,1,1,4,3,0,1,0,0,0,3,0,4,0
stagnant,1,0,0,1,0,0,0,0,0,0,0,0,0,0
million,8,0,0,1,4,2,0,0,0,0,1,0,0,0
hardwork,2,0,0,1,0,0,0,1,0,0,0,0,0,0
complet,7,0,1,2,2,0,0,0,0,0,0,0,0,1
forgotten,1,0,0,1,0,0,0,0,0,0,0,0,0,0
anymor,1,0,0,1,0,0,0,0,0,0,0,0,0,0
day,33,3,3,0,8,0,1,1,0,2,9,1,3,1
us,16,0,1,4,3,1,1,1,1,0,1,0,1,2
wait,3,0,0,1,0,0,0,1,0,0,1,0,0,0
amaz,4,0,0,0,2,1,0,1,0,0,0,0,0,0
address,2,0,0,0,1,0,0,1,0,0,0,0,0,0
annual,2,1,0,0,0,0,0,1,0,0,0,0,0,0
convent,1,0,0,0,0,0,0,1,0,0,0,0,0,0
join,10,1,1,0,4,0,0,1,0,0,3,0,0,0
live,12,1,3,0,7,0,0,0,0,0,1,0,0,0
unemploy,11,0,1,2,1,0,1,0,0,0,3,0,2,1
lowest,5,0,0,1,1,0,0,0,0,0,1,0,1,1
record,31,3,1,6,8,0,2,0,0,0,5,0,3,1
rate,12,1,0,1,2,1,1,0,1,0,2,0,1,2
drop,4,0,0,0,0,0,0,0,0,0,1,0,1,1
full,6,0,0,1,1,0,0,0,1,1,1,0,0,1
point,10,0,3,2,0,1,0,0,0,0,2,0,0,2
last,18,1,1,4,2,0,0,1,0,0,3,1,0,4
close,11,0,3,2,2,0,0,0,0,0,0,0,2,1
noth,7,0,2,0,1,0,0,0,0,1,0,0,0,1
get,37,2,2,7,9,1,0,1,1,0,5,0,3,3
vote,20,1,0,7,2,1,0,2,0,0,3,0,2,1
doubl,3,0,0,0,0,0,0,0,1,0,0,0,1,0
fail,9,0,1,1,1,1,1,0,0,0,0,0,1,0
polici,4,0,1,0,2,0,0,0,0,0,0,0,1,0
wash,1,0,0,0,0,0,0,0,0,0,0,0,1,0
away,3,0,0,0,0,0,1,0,0,0,1,0,1,0
doubt,3,0,0,0,1,0,0,1,0,0,0,0,1,0
right,18,0,1,2,4,3,1,0,0,0,3,0,3,1
choic,2,0,0,0,1,0,0,0,0,0,0,0,1,0
truli,6,0,0,0,1,0,1,1,0,0,1,0,1,1
chang,10,1,0,2,2,2,0,0,0,0,2,0,1,0
elect,13,0,1,0,4,0,0,0,0,3,1,0,2,0
trump,20,4,4,2,2,0,1,1,2,0,1,0,1,1
bring,11,0,0,5,1,0,0,0,0,0,2,0,1,1
turn,6,0,0,1,0,0,0,0,1,0,2,0,2,0
enorm,1,0,0,0,0,0,0,0,0,0,0,0,1,0
consequenti,1,0,0,0,0,0,0,0,0,0,0,0,1,0
much,35,1,2,3,10,2,3,0,2,0,3,1,1,3
despit,7,0,0,0,1,2,0,0,2,0,0,0,2,0
frustrat,1,0,0,0,0,0,0,0,0,0,0,0,1,0
misstep,1,0,0,0,0,0,0,0,0,0,0,0,1,0
wish,8,1,0,0,0,0,0,3,1,0,2,0,1,0
one,20,1,1,5,1,0,0,2,1,0,4,0,3,1
inde,1,0,0,0,0,0,0,0,0,0,0,0,1,0
accomplish,4,0,0,1,0,0,1,0,0,0,1,0,1,0
accumul,1,0,0,0,0,0,0,0,0,0,0,0,1,0
mere,2,0,0,0,1,0,0,0,0,0,0,0,1,0
thought,8,0,3,2,0,0,0,1,0,0,0,0,2,0
stock,25,1,2,3,5,1,2,1,0,1,4,0,4,0
market,22,0,2,3,6,1,2,1,0,0,4,0,2,0
creat,5,0,0,0,2,0,0,0,0,0,2,0,1,0
tremend,7,0,0,1,1,0,0,1,0,0,3,0,1,0
benefit,4,0,0,0,2,0,0,0,0,1,1,0,0,0
form,3,0,0,0,0,0,0,0,0,0,1,0,1,1
set,7,1,0,1,1,0,1,0,0,0,1,0,1,0
price,5,1,1,0,0,0,0,0,0,0,2,0,0,1
present,3,0,0,0,2,0,0,0,0,0,1,0,0,0
futur,6,0,0,2,0,0,0,0,0,1,2,0,1,0
job,29,2,0,4,5,0,1,1,0,0,9,0,2,0
seven,2,0,0,0,0,1,0,0,0,0,1,0,0,0
trillion,8,0,0,2,2,1,0,0,0,0,3,0,0,0
dollar,15,0,2,2,3,3,1,0,0,0,4,0,0,0
valu,3,0,0,0,0,0,0,0,0,1,2,0,0,0
sinc,9,1,0,0,3,0,0,0,0,0,1,0,3,0
big,39,1,3,3,7,2,1,1,2,0,10,0,5,3
fake,43,1,2,0,4,4,3,0,4,1,5,1,1,4
news,51,1,4,2,7,5,3,0,4,1,5,1,3,2
award,2,0,1,0,1,0,0,0,0,0,0,0,0,0
go,34,1,2,5,9,2,3,1,2,2,3,0,1,1
bias,2,0,0,0,1,0,0,0,0,0,0,0,0,0
mainstream,6,0,0,0,2,0,0,0,0,1,1,0,1,0
media,16,1,1,0,3,1,1,0,1,1,2,0,1,0
loser,4,0,0,0,1,0,0,0,0,0,0,0,0,2
rather,1,0,0,0,1,0,0,0,0,0,0,0,0,0
come,19,0,3,4,4,1,0,0,0,0,3,0,3,1
interest,4,0,0,1,2,0,0,0,0,1,0,0,0,0
import,12,0,0,4,2,1,0,0,0,0,3,0,1,0
far,4,0,0,1,1,0,0,0,0,0,0,0,1,0
greater,2,0,0,0,2,0,0,0,0,0,0,0,0,0
anyon,6,0,0,1,2,0,0,0,0,0,2,0,0,1
could,10,0,0,2,2,0,0,2,0,0,1,0,0,1
anticip,2,0,0,0,1,0,0,0,0,0,1,0,0,0
tapper,1,1,0,0,0,0,0,0,0,0,0,0,0,0
got,7,1,0,0,1,0,0,0,0,1,1,0,0,1
destroy,3,1,0,1,0,0,0,0,0,0,0,0,0,0
interview,4,2,0,0,1,0,0,0,0,0,1,0,0,0
miller,1,1,0,0,0,0,0,0,0,0,0,0,0,0
administr,11,1,1,2,3,1,1,0,0,0,1,0,1,0
watch,13,1,2,1,2,1,1,0,1,0,0,0,1,1
hatr,1,1,0,0,0,0,0,0,0,0,0,0,0,0
flunki,2,1,1,0,0,0,0,0,0,0,0,0,0,0
put,13,2,2,1,3,0,1,0,0,0,0,1,0,0
first,18,0,3,3,2,2,1,1,0,0,3,1,1,0
announc,9,0,1,1,3,0,0,0,0,0,3,1,0,0
book,8,0,0,0,3,0,0,1,1,1,0,1,0,0
written,2,0,0,0,0,0,0,0,0,0,0,1,0,0
discredit,2,0,0,0,0,0,0,0,0,0,0,1,0,1
problem,5,0,0,2,1,1,0,0,0,0,0,1,0,0
handl,3,0,0,0,0,0,0,0,0,0,1,1,1,0
well,12,1,1,1,1,0,0,0,1,1,2,1,1,0
leav,9,0,0,3,4,0,0,0,0,0,1,0,0,0
camp,3,0,0,1,0,0,0,0,1,0,1,0,0,0
white,8,0,1,2,4,0,0,0,1,0,0,0,0,0
hous,25,1,1,4,9,0,0,1,1,0,3,0,2,1
militari,21,0,2,4,6,2,0,1,0,0,2,0,0,3
mani,35,1,1,4,7,5,2,0,1,0,8,0,1,0
subject,5,0,2,1,1,0,0,0,0,0,0,0,0,0
desper,4,0,1,1,0,0,0,0,1,0,1,0,0,0
increas,6,0,0,2,1,0,1,0,0,0,0,1,0,0
drug,5,1,0,1,2,0,0,0,0,0,1,0,0,0
opioid,1,0,0,1,0,0,0,0,0,0,0,0,0,0
infrastructur,3,0,0,2,0,1,0,0,0,0,0,0,0,0
budget,4,0,0,1,0,0,0,0,0,0,1,0,2,0
trade,7,0,1,2,3,0,0,0,0,0,1,0,0,0
tri,8,0,0,0,1,1,0,0,0,1,2,0,1,2
think,8,0,1,1,1,0,0,0,0,0,3,0,0,2
qualifi,1,0,0,0,0,0,0,0,0,0,1,0,0,0
smart,7,1,0,1,2,0,0,1,0,0,1,0,1,0
genius,1,0,0,0,0,0,0,0,0,0,1,0,0,0
stabl,1,0,0,0,0,0,0,0,0,0,1,0,0,0
throughout,4,0,0,0,2,0,0,1,0,0,0,0,1,0
two,8,1,0,0,1,0,0,1,0,0,3,0,1,1
asset,1,0,0,0,0,0,0,0,0,0,0,0,1,0
mental,2,0,0,0,0,0,0,0,0,0,0,0,2,0
stabil,2,0,0,0,0,0,0,0,0,0,0,0,2,0
like,15,0,2,1,5,0,0,0,1,0,2,0,1,1
realli,17,0,2,2,2,0,1,1,0,0,3,0,3,1
crook,19,2,1,1,5,2,0,0,1,1,1,0,2,1
play,6,1,1,1,0,0,0,0,0,0,2,0,1,0
card,1,0,0,0,0,0,0,0,0,0,0,0,1,0
hard,24,1,2,4,7,0,0,1,0,1,3,0,2,0
went,6,0,0,0,1,1,0,0,0,0,0,0,3,0
flame,1,0,0,0,0,0,0,0,0,0,0,0,1,0
success,11,0,1,2,1,0,0,2,0,0,4,0,1,0
businessman,1,0,0,0,0,0,0,0,0,0,0,0,1,0
top,4,0,1,0,1,0,1,0,0,0,0,0,1,0
star,2,0,0,0,0,0,0,0,0,0,1,0,1,0
intens,1,0,0,0,0,0,0,0,0,0,0,0,1,0
studi,3,0,0,0,1,0,0,0,0,0,1,0,1,0
proven,2,0,0,0,0,0,0,0,0,0,0,0,1,1
hoax,3,0,0,0,0,0,0,0,1,1,0,0,1,0
public,9,1,0,1,1,0,0,0,0,0,0,0,2,1
lapdog,1,0,0,0,0,0,0,0,0,0,0,0,1,0
old,3,0,0,1,1,0,0,0,0,0,0,0,1,0
scream,1,0,0,0,0,0,0,0,0,0,0,0,1,0
intellig,1,0,0,0,0,0,0,0,0,0,0,0,1,0
report,18,0,2,0,2,2,2,0,2,0,1,0,1,0
fraudul,1,0,1,0,0,0,0,0,0,0,0,0,0,0
newscast,1,0,1,0,0,0,0,0,0,0,0,0,0,0
drove,1,0,1,0,0,0,0,0,0,0,0,0,0,0
billion,9,1,3,2,2,0,1,0,0,0,0,0,0,0
suspend,4,0,1,0,0,1,0,0,0,0,1,0,0,1
month,7,0,2,1,1,0,0,1,0,0,0,0,1,1
lower,4,0,1,1,1,0,0,0,0,0,1,0,0,0
capac,1,0,1,0,0,0,0,0,0,0,0,0,0,0
longer,5,0,2,0,2,0,0,0,0,0,0,0,1,0
allow,5,0,2,0,0,1,0,0,0,0,0,0,0,2
fire,8,0,2,0,0,1,1,0,0,0,0,0,0,0
fell,1,0,0,0,0,0,0,0,0,0,1,0,0,0
happi,17,5,0,3,2,0,0,2,0,0,4,0,0,1
post,3,0,0,0,0,0,1,0,0,0,1,0,0,0
place,9,0,0,1,4,1,0,0,0,0,2,0,0,0
headlin,1,0,0,0,0,0,0,0,0,0,1,0,0,0
number,14,0,0,1,5,0,0,1,0,0,2,1,4,0
stori,14,1,0,0,5,1,0,1,0,0,0,0,0,1
sell,1,0,0,0,0,0,0,0,0,0,0,0,0,0
bore,1,0,0,0,0,0,0,0,0,0,0,0,0,0
untruth,1,0,0,0,0,0,0,0,0,0,0,0,0,0
use,9,1,0,1,1,0,0,0,3,0,0,0,0,0
sloppi,4,1,1,0,0,0,0,0,1,0,0,0,0,0
cri,2,0,0,0,0,0,0,1,0,0,0,0,0,0
beg,3,0,0,0,1,1,0,0,0,0,0,0,0,0
dump,2,1,0,0,0,0,0,0,0,0,0,0,0,0
dog,1,0,0,0,0,0,0,0,0,0,0,0,0,0
bad,24,1,2,3,5,3,0,0,1,0,1,0,1,3
good,26,0,4,5,7,1,1,0,0,0,3,0,4,1
idea,3,0,0,0,3,0,0,0,0,0,0,0,0,0
rand,2,0,0,0,2,0,0,0,0,0,0,0,0,0
mercer,1,1,0,0,0,0,0,0,0,0,0,0,0,0
famili,13,1,3,3,1,0,1,1,0,0,2,0,0,1
recent,3,1,1,0,1,0,0,0,0,0,0,0,0,0
leaker,1,1,0,0,0,0,0,0,0,0,0,0,0,0
known,1,1,0,0,0,0,0,0,0,0,0,0,0,0
prove,2,0,0,0,1,0,0,0,0,1,0,0,0,0
phoni,9,1,0,0,1,1,0,0,1,1,0,0,1,0
hit,12,1,1,0,4,0,0,1,0,1,2,0,1,1
front,1,0,0,0,0,0,0,0,0,1,0,0,0,0
imagin,2,0,0,0,1,0,0,0,0,1,0,0,0,0
sad,6,0,2,0,1,0,1,0,0,1,1,0,0,0
jump,1,0,0,0,0,0,0,0,0,0,1,0,0,0
week,9,0,0,2,2,0,0,0,0,0,3,0,0,1
fastest,1,0,0,0,0,0,0,0,0,0,1,0,0,0
move,9,2,0,0,2,2,0,0,0,0,2,0,0,1
agenda,4,0,0,1,0,0,0,0,0,1,1,0,0,0
six,1,0,0,0,0,0,0,0,0,0,1,0,0,0
bare,1,0,0,0,1,0,0,0,0,0,0,0,0,0
mention,5,1,0,0,4,0,0,0,0,0,0,0,0,0
anoth,18,0,1,2,4,0,0,0,0,0,5,0,1,2
busi,5,0,0,1,3,0,1,0,0,0,0,0,0,0
boom,3,0,0,0,1,0,0,0,0,0,1,0,1,0
biggest,15,2,0,3,2,0,2,0,0,0,3,0,1,2
earth,1,0,0,0,1,0,0,0,0,0,0,0,0,0
zero,5,0,0,0,0,1,0,0,1,0,0,0,1,2
access,1,0,0,0,0,0,0,0,1,0,0,0,0,0
actual,3,0,1,0,0,0,0,0,1,0,1,0,0,0
time,35,1,3,8,5,2,0,0,2,0,4,0,2,2
spoke,6,0,1,1,1,0,0,0,1,0,0,0,1,0
lie,6,0,2,0,0,0,0,0,1,0,0,0,0,0
misrepresent,1,0,0,0,0,0,0,0,1,0,0,0,0,0
sourc,4,0,0,1,0,0,0,0,1,0,0,0,0,0
exist,4,1,0,0,0,0,0,0,1,0,0,0,0,1
past,10,1,1,1,1,0,1,1,1,0,2,0,0,1
happen,8,0,0,0,4,1,0,0,1,0,1,0,0,0
senat,24,1,1,11,3,0,1,0,0,0,5,0,1,0
mtg,2,0,0,1,0,0,0,0,0,0,1,0,0,0
build,10,0,0,4,2,0,0,1,0,0,2,0,0,0
stop,7,0,0,3,1,1,0,0,0,0,0,0,0,1
end,11,1,1,4,1,0,0,0,0,0,3,0,0,1
cancel,1,0,0,1,0,0,0,0,0,0,0,0,0,0
visa,3,0,0,1,1,0,0,0,0,0,0,0,0,1
current,2,0,1,1,0,0,0,0,0,0,0,0,0,0
unsaf,1,0,0,1,0,0,0,0,0,0,0,0,0,0
crash,2,0,1,0,0,0,0,0,0,0,1,0,0,0
congrat,1,0,0,0,0,0,0,0,0,0,1,0,0,0
cut,71,1,1,17,12,1,4,2,2,1,17,1,7,1
unnecessari,2,0,0,0,0,0,0,0,0,0,2,0,0,0
regul,4,0,0,0,1,0,0,0,0,0,3,0,0,0
beauti,11,0,0,1,2,0,0,1,1,0,4,0,1,1
pictur,4,0,1,0,0,0,0,0,1,0,0,0,0,1
player,6,1,1,0,0,0,0,0,1,0,0,0,0,2
still,3,0,0,0,1,0,0,0,1,0,0,0,0,0
kneel,3,0,0,0,1,0,0,0,1,0,0,0,0,0
weigh,1,0,0,0,0,0,1,0,0,0,0,0,0,0
anybodi,1,0,0,0,0,0,1,0,0,0,0,0,0,0
believ,5,0,3,0,0,0,1,1,0,0,0,0,0,0
talk,10,0,1,2,0,1,1,0,3,0,1,0,1,0
north,13,0,3,0,3,3,1,0,1,0,0,0,2,0
south,8,1,1,1,2,0,1,0,1,0,1,0,0,0
firm,3,1,0,0,0,0,1,0,0,0,0,0,0,0
will,2,0,0,0,0,0,1,0,0,0,0,0,1,0
commit,7,0,0,1,2,0,1,0,0,0,0,0,0,1
fool,5,1,2,0,1,0,1,0,0,0,0,0,0,0
thing,14,0,2,3,4,0,2,0,0,0,2,0,1,0
identif,1,0,0,0,0,0,0,0,0,0,0,0,1,0
sometim,1,0,0,0,0,0,0,0,0,0,0,0,1,0
accur,2,0,0,1,0,0,0,0,0,0,0,0,1,0
everyth,2,1,0,0,0,0,0,0,0,0,0,0,1,0
push,4,1,0,1,0,1,0,0,0,0,0,0,1,0
voter,3,0,0,0,1,0,0,0,0,0,0,0,1,0
most,2,0,0,0,0,0,0,0,0,0,0,0,1,0
refus,4,1,0,0,1,0,0,0,1,0,0,0,0,0
hand,7,0,1,0,1,1,0,0,0,0,0,1,0,1
data,1,0,0,0,0,0,0,0,0,0,0,0,0,0
commiss,1,0,0,0,0,0,0,0,0,0,0,0,0,0
fraud,3,0,0,0,0,0,0,0,0,0,0,0,0,0
fought,3,0,1,0,0,0,0,0,0,0,1,0,0,0
see,17,0,1,2,4,0,0,0,0,0,4,0,3,0
method,1,0,0,0,0,0,0,0,0,0,0,0,0,0
rig,6,0,0,1,1,0,0,0,0,0,0,0,1,1
pass,18,0,0,5,1,0,1,0,0,0,7,0,4,0
upward,1,0,0,0,0,0,0,0,0,0,0,0,1,0
potenti,2,0,0,0,1,0,0,0,0,0,0,0,1,0
short,7,0,1,1,1,0,0,0,0,0,3,0,1,0
soon,9,0,0,1,1,1,1,0,1,0,2,0,1,0
better,11,1,0,2,1,0,0,0,0,0,6,0,1,0
compani,11,0,1,3,2,0,0,1,1,0,2,1,0,0
respond,5,0,2,0,0,1,0,0,0,0,1,1,0,0
victori,7,0,0,2,2,0,0,0,0,0,2,1,0,0
congress,5,0,0,1,2,1,0,0,0,0,0,1,0,0
bonus,3,0,0,1,0,0,0,0,0,0,1,1,0,0
match,1,0,0,0,0,0,0,0,0,0,0,1,0,0
spend,3,0,1,0,1,0,0,0,0,0,0,1,0,0
chariti,1,0,0,0,0,0,0,0,0,0,0,1,0,0
previous,3,0,1,1,0,0,0,0,0,0,0,1,0,0
deepli,1,0,1,0,0,0,0,0,0,0,0,0,0,0
sadden,1,0,1,0,0,0,0,0,0,0,0,0,0,0
death,5,0,1,0,0,1,0,0,0,0,0,0,1,2
belov,1,0,1,0,0,0,0,0,0,0,0,0,0,0
church,1,0,1,0,0,0,0,0,0,0,0,0,0,0
saint,1,0,1,0,0,0,0,0,0,0,0,0,0,0
govern,4,0,0,0,3,0,0,0,0,0,0,0,1,0
appropri,2,0,0,0,0,0,0,0,0,0,0,0,1,1
someth,3,0,0,1,0,0,0,0,0,0,0,0,0,2
ago,7,1,1,2,0,1,0,1,0,0,1,0,0,0
nobodi,5,0,0,2,1,0,0,0,1,0,0,0,0,0
deni,1,0,0,1,0,0,0,0,0,0,0,0,0,0
signific,2,0,0,1,1,0,0,0,0,0,0,0,0,0
ed,5,0,0,2,2,0,0,0,0,0,0,0,1,0
dishonest,8,0,1,0,1,2,0,0,0,0,2,0,0,0
cover,2,0,1,0,0,0,0,0,0,0,0,0,0,0
dishonesti,3,0,2,0,1,0,0,0,0,0,0,0,0,0
various,1,0,1,0,0,0,0,0,0,0,0,0,0,0
categori,1,0,1,0,0,0,0,0,0,0,0,0,0,0
stay,2,0,1,0,1,0,0,0,0,0,0,0,0,0
tune,1,0,1,0,0,0,0,0,0,0,0,0,0,0
leader,9,0,2,1,2,1,0,1,1,0,1,0,0,0
button,2,0,0,0,0,1,0,0,1,0,0,0,0,0
desk,1,0,0,0,0,0,0,0,1,0,0,0,0,0
someon,2,0,1,0,0,0,0,0,1,0,0,0,0,0
deplet,1,0,0,0,0,0,0,0,1,0,0,0,0,0
food,3,0,0,0,0,1,0,0,1,0,0,0,1,0
starv,1,0,0,0,0,0,0,0,1,0,0,0,0,0
regim,5,0,0,0,3,0,0,0,1,0,0,0,1,0
pleas,2,0,0,0,0,0,0,0,2,0,0,0,0,0
inform,3,0,0,0,0,0,0,0,1,0,0,0,0,0
nuclear,2,0,0,0,1,0,0,0,1,0,0,0,0,0
bigger,2,0,0,0,1,0,0,0,1,0,0,0,0,0
power,4,0,0,0,2,1,0,0,1,0,0,0,0,0
peac,8,0,0,1,2,2,0,0,0,0,1,0,2,0
treati,1,0,0,0,0,0,0,0,0,0,0,0,1,0
taken,4,1,0,1,1,0,0,0,0,0,0,0,1,0
toughest,1,0,0,0,0,0,0,0,0,0,0,0,1,0
tabl,1,0,0,0,0,0,0,0,0,0,0,0,1,0
pay,8,0,1,1,1,0,0,0,0,0,1,0,2,1
massiv,18,0,0,3,7,0,0,0,2,0,4,0,1,0
payment,2,0,0,0,0,0,0,0,1,0,0,0,1,0
other,5,0,1,0,1,0,1,0,0,0,0,0,1,0
exampl,2,0,0,0,1,0,0,1,0,0,0,0,0,0
hundr,2,0,0,0,2,0,0,0,0,0,0,0,0,0
appreci,3,0,0,0,2,0,0,0,0,0,0,0,1,0
even,17,0,0,4,6,0,0,1,1,0,3,0,1,0
long,14,2,1,0,5,1,0,0,0,0,3,0,1,0
overdu,1,0,0,0,1,0,0,0,0,0,0,0,0,0
congratul,13,0,0,1,2,0,0,3,0,0,7,0,0,0
hatch,1,0,0,0,0,0,0,0,0,0,1,0,0,0
absolut,2,0,0,0,0,0,0,0,0,0,2,0,0,0
career,2,0,0,0,1,0,0,0,0,0,1,0,0,0
forget,4,1,0,0,1,0,0,0,0,0,2,0,0,0
beyond,2,0,0,0,0,0,0,0,0,0,1,0,0,0
kind,2,0,0,0,0,0,0,0,0,0,2,0,0,0
statement,3,1,1,0,0,0,0,0,0,0,1,0,0,0
miss,2,0,0,0,1,0,0,0,0,0,1,0,0,0
rest,4,1,0,1,2,0,0,0,0,0,0,0,0,0
receiv,3,0,0,1,0,2,0,0,0,0,0,0,0,0
progress,3,0,0,1,0,0,0,0,0,0,0,0,2,0
period,4,0,0,2,0,0,0,0,0,0,2,0,0,0
activist,1,0,0,0,0,0,0,0,0,1,0,0,0,0
start,7,0,0,3,1,0,1,0,0,1,0,0,0,0
journalist,1,0,0,0,0,0,0,0,0,0,0,0,0,0
standard,2,0,0,0,0,0,0,0,0,0,0,0,0,0
lose,6,1,1,0,1,0,1,0,0,0,0,0,1,0
treat,4,0,0,0,2,0,0,0,0,0,0,0,0,0
fair,4,0,0,1,2,0,0,0,0,0,0,0,0,0
next,11,0,0,2,5,0,0,0,0,0,2,0,0,1
write,3,0,0,0,0,0,0,1,1,0,0,0,0,0
apolog,3,0,0,0,1,0,0,0,0,0,0,0,0,0
reader,1,0,0,0,0,0,0,0,0,0,0,0,0,0
poor,4,0,0,1,1,0,0,0,0,0,0,0,0,0
done,10,0,1,0,3,0,0,0,0,0,3,0,1,1
publish,1,0,0,1,0,0,0,0,0,0,0,0,0,0
chanc,2,0,0,1,0,0,0,0,0,0,1,0,0,0
fulfil,5,0,0,1,0,0,0,0,0,0,2,0,1,1
vision,2,0,0,1,1,0,0,0,0,0,0,0,0,0
founder,1,0,0,1,0,0,0,0,0,0,0,0,0,0
give,10,1,1,2,1,0,1,0,0,0,2,0,0,1
imparti,1,0,0,1,0,0,0,0,0,0,0,0,0,0
fear,3,0,0,1,0,1,0,0,0,0,0,0,0,0
favor,3,0,0,1,0,1,0,1,0,0,0,0,0,0
regardless,1,0,0,1,0,0,0,0,0,0,0,0,0,0
parti,6,0,0,1,0,0,0,0,0,0,2,0,0,2
sect,1,0,0,1,0,0,0,0,0,0,0,0,0,0
strict,2,0,0,0,1,0,0,0,0,0,0,0,1,0
commerci,2,0,0,1,0,0,0,0,0,0,0,0,1,0
aviat,1,0,0,0,0,0,0,0,0,0,0,0,1,0
best,5,0,0,0,2,0,0,1,0,0,0,0,2,0
safest,1,0,0,0,0,0,0,0,0,0,0,0,1,0
sanction,4,0,1,0,0,1,0,0,0,0,0,0,2,0
pressur,1,0,1,0,0,0,0,0,0,0,0,0,0,0
begin,6,0,1,1,0,1,0,1,0,2,0,0,0,0
impact,4,1,2,0,0,0,0,0,0,0,0,0,1,0
soldier,2,0,1,0,1,0,0,0,0,0,0,0,0,0
danger,2,0,1,0,0,0,0,0,0,0,0,0,1,0
flee,1,0,1,0,0,0,0,0,0,0,0,0,0,0
rocket,2,0,2,0,0,0,0,0,0,0,0,0,0,0
man,4,0,2,0,0,1,0,0,0,0,0,0,0,0
perhap,3,0,1,1,0,0,1,0,0,0,0,0,0,0
worker,5,0,0,3,0,0,0,0,1,0,1,0,0,0
patrol,2,0,0,1,0,0,0,0,0,0,1,0,0,0
council,3,0,0,0,1,1,0,0,0,0,1,0,0,0
word,4,1,0,0,0,0,0,0,0,0,2,0,0,1
folk,1,0,0,0,0,0,0,0,0,0,1,0,0,0
aid,2,0,2,0,0,0,0,0,0,0,0,0,0,0
accus,2,0,1,0,0,1,0,0,0,0,0,0,0,0
disregard,1,0,1,0,0,0,0,0,0,0,0,0,0,0
basic,1,0,1,0,0,0,0,0,0,0,0,0,0,0
protocol,1,0,1,0,0,0,0,0,0,0,0,0,0,0
classifi,1,0,1,0,0,0,0,0,0,0,0,0,0,0
password,1,0,1,0,0,0,0,0,0,0,0,0,0,0
foreign,2,0,2,0,0,0,0,0,0,0,0,0,0,0
rememb,11,2,3,1,2,1,0,0,0,1,1,0,0,0
sailor,1,0,1,0,0,0,0,0,0,0,0,0,0,0
submarin,2,0,1,0,1,0,0,0,0,0,0,0,0,0
jail,4,0,1,0,1,0,0,0,0,0,0,0,0,2
deep,3,0,1,0,0,0,0,0,0,0,0,0,1,0
justic,12,0,3,3,1,1,0,0,0,0,1,0,0,1
dept,2,0,1,1,0,0,0,0,0,0,0,0,0,0
brutal,1,0,0,0,0,0,0,0,0,0,0,0,1,0
money,7,0,2,0,0,1,0,0,1,0,1,0,1,0
foolish,3,0,1,1,0,0,0,0,0,0,0,0,1,0
gave,3,0,0,0,2,0,0,0,0,0,0,0,1,0
terror,8,0,3,0,0,1,0,0,0,0,0,0,2,1
littl,10,0,3,2,2,0,1,0,0,0,0,0,1,0
inflat,1,0,0,0,0,0,0,0,0,0,0,0,1,0
human,5,0,1,0,0,1,0,1,0,0,0,0,2,0
level,6,1,0,1,1,1,0,0,0,0,0,0,1,1
terribl,8,1,1,2,2,1,0,0,0,0,1,0,0,0
repress,1,0,0,0,0,1,0,0,0,0,0,0,0,0
hungri,1,0,0,0,0,1,0,0,0,0,0,0,0,0
freedom,2,0,0,0,0,1,0,0,0,0,1,0,0,0
along,6,1,0,1,0,2,0,0,0,0,1,0,1,0
wealth,4,0,1,0,1,2,0,0,0,0,0,0,0,0
loot,1,0,0,0,0,1,0,0,0,0,0,0,0,0
deceit,1,0,1,0,0,0,0,0,0,0,0,0,0,0
terrorist,8,0,4,0,1,0,0,0,0,0,0,0,0,3
help,10,0,2,3,3,0,0,0,0,0,0,0,2,0
faster,2,0,0,1,0,0,0,0,0,0,1,0,0,0
rapid,3,1,0,0,0,0,0,0,0,0,2,0,0,0
grow,3,0,0,0,0,0,1,0,0,0,2,0,0,0
stronger,2,0,0,1,0,0,0,0,0,0,1,0,0,0
smarter,3,0,1,1,0,0,0,0,0,0,1,0,0,0
enemi,1,0,0,0,0,0,0,0,0,0,1,0,0,0
hater,2,0,1,0,0,0,0,0,0,0,1,0,0,0
healthi,2,0,0,0,0,0,0,1,0,0,1,0,0,0
sponsor,1,0,0,0,0,0,0,0,0,0,0,0,1,0
violat,3,0,2,0,0,0,0,0,0,0,0,0,1,0
occur,2,0,0,0,0,1,0,0,0,0,0,0,1,0
hour,4,0,0,0,0,1,0,0,0,0,0,0,1,0
basi,3,0,0,0,0,0,0,0,1,0,0,0,1,1
demonstr,1,0,0,0,0,0,0,0,0,0,0,0,1,0
communic,1,0,0,0,0,0,0,0,0,0,0,0,1,0
deepest,2,0,2,0,0,0,0,0,0,0,0,0,0,0
condol,2,0,2,0,0,0,0,0,0,0,0,0,0,0
victim,3,0,3,0,0,0,0,0,0,0,0,0,0,0
shoot,2,0,1,0,0,0,0,0,0,0,1,0,0,0
counti,1,0,1,0,0,0,0,0,0,0,0,0,0,0
love,13,0,2,1,2,0,0,5,1,0,1,0,0,0
polic,2,0,1,1,0,0,0,0,0,0,0,0,0,0
god,9,0,4,1,2,0,0,2,0,0,0,0,0,0
bless,4,0,2,1,0,0,0,1,0,0,0,0,0,0
kill,6,0,1,1,3,0,0,0,0,0,0,0,0,1
judg,3,1,0,0,2,0,0,0,0,0,0,0,0,0
protest,2,0,1,0,0,1,0,0,0,0,0,0,0,0
wise,1,0,1,0,0,0,0,0,0,0,0,0,0,0
stolen,1,0,1,0,0,0,0,0,0,0,0,0,0,0
squander,2,0,1,0,0,1,0,0,0,0,0,0,0,0
ralli,2,1,0,0,0,0,0,0,0,0,1,0,0,0
kick,2,0,0,0,0,0,0,0,1,0,1,0,0,0
high,22,1,1,3,7,0,1,0,0,0,6,0,2,0
dramat,1,0,0,0,0,0,0,0,0,0,1,0,0,0
social,3,0,0,0,1,0,0,0,0,0,0,0,0,0
often,2,0,0,0,1,0,0,0,0,0,0,0,0,0
refer,1,0,0,0,1,0,0,0,0,0,0,0,0,0
pure,1,0,0,0,1,0,0,0,0,0,0,0,0,0
fiction,1,0,0,0,1,0,0,0,0,0,0,0,0,0
corpor,3,0,0,2,0,0,1,0,0,0,0,0,0,0
incom,2,0,0,0,1,0,1,0,0,0,0,0,0,0
rough,2,0,1,0,0,0,1,0,0,0,0,0,0,0
huge,1,0,0,0,0,0,1,0,0,0,0,0,0,0
stimulus,1,0,0,0,0,0,1,0,0,0,0,0,0,0
overst,1,0,0,0,0,0,1,0,0,0,0,0,0,0
real,6,0,1,0,1,0,1,1,0,0,1,0,0,0
econom,4,0,0,1,1,0,1,0,0,0,1,0,0,0
oppress,1,0,0,0,1,0,0,0,0,0,0,0,0,0
endur,2,0,0,0,2,0,0,0,0,0,0,0,0,0
forev,3,0,0,1,1,0,0,0,0,0,1,0,0,0
face,1,0,0,0,1,0,0,0,0,0,0,0,0,0
understand,3,0,2,0,0,1,0,0,0,0,0,0,0,0
vast,1,0,0,0,0,1,0,0,0,0,0,0,0,0
citizen,4,0,0,0,1,2,0,1,0,0,0,0,0,0
fed,4,0,0,0,1,1,0,0,0,0,1,0,0,0
fund,3,0,0,0,0,2,0,0,1,0,0,0,0,0
abroad,1,0,0,0,0,1,0,0,0,0,0,0,0,0
govt,2,0,0,0,0,1,0,0,0,0,1,0,0,0
express,2,0,0,0,0,1,0,0,0,0,1,0,0,0
told,3,0,2,0,1,0,0,0,0,0,0,0,0,0
fulli,2,1,1,0,0,0,0,0,0,0,0,0,0,0
horribl,5,1,2,0,0,0,0,0,0,0,0,0,0,2
ridicul,1,0,1,0,0,0,0,0,0,0,0,0,0,0
etc,1,0,1,0,0,0,0,0,0,0,0,0,0,0
protect,6,0,1,3,0,0,0,0,0,0,1,0,0,0
cost,3,0,2,0,0,0,0,0,0,0,1,0,0,0
charg,4,0,0,1,0,1,1,0,0,0,0,0,0,0
amazon,1,0,0,0,0,0,1,0,0,0,0,0,0,0
packag,1,0,0,0,0,0,1,0,0,0,0,0,0,0
richer,1,0,0,0,0,0,1,0,0,0,0,0,0,0
dumber,1,0,0,0,0,0,1,0,0,0,0,0,0,0
poorer,1,0,0,0,0,0,1,0,0,0,0,0,0,0
low,9,0,1,1,0,1,1,0,1,0,1,0,1,1
approxim,3,0,0,1,0,0,0,0,1,0,1,0,0,0
negat,3,0,0,0,0,0,0,0,2,0,0,0,0,0
coverag,4,0,0,0,0,1,0,0,1,0,0,0,0,1
east,5,0,0,2,1,1,0,0,0,0,0,0,0,1
coldest,1,0,0,1,0,0,0,0,0,0,0,0,0,0
eve,1,0,0,1,0,0,0,0,0,0,0,0,0,0
bit,1,0,0,1,0,0,0,0,0,0,0,0,0,0
global,1,0,0,1,0,0,0,0,0,0,0,0,0,0
warm,1,0,0,1,0,0,0,0,0,0,0,0,0,0
bundl,1,0,0,1,0,0,0,0,0,0,0,0,0,0
say,8,1,0,2,3,0,0,0,0,0,1,0,0,1
caught,4,0,0,0,1,1,0,0,0,0,0,0,0,0
red,4,0,0,0,0,1,0,0,0,0,1,0,0,0
disappoint,2,0,0,0,0,1,0,0,0,0,0,0,0,0
china,19,1,2,2,8,1,0,0,0,0,1,0,3,1
oil,1,0,0,0,0,1,0,0,0,0,0,0,0,0
solut,1,0,0,0,0,1,0,0,0,0,0,0,0,0
retail,1,0,0,0,0,0,0,0,0,0,1,0,0,0
sale,3,0,0,0,0,0,1,1,0,0,1,0,0,0
seen,4,0,0,1,0,0,0,0,0,0,2,0,0,1
anyth,4,0,1,0,1,0,0,0,0,0,1,0,0,0
vaniti,1,0,0,0,1,0,0,0,0,0,0,0,0,0
leg,1,0,0,0,1,0,0,0,0,0,0,0,0,0
bend,1,0,0,0,1,0,0,0,0,0,0,0,0,0
backward,1,0,0,0,1,0,0,0,0,0,0,0,0,0
minor,1,0,0,0,1,0,0,0,0,0,0,0,0,0
took,7,0,0,1,3,1,0,0,0,0,1,0,1,0
st,1,0,0,0,1,0,0,0,0,0,0,0,0,0
ch,1,0,0,0,1,0,0,0,0,0,0,0,0,0
besid,1,0,0,0,1,0,0,0,0,0,0,0,0,0
grief,1,0,0,0,1,0,0,0,0,0,0,0,0,0
forgiv,1,0,0,0,1,0,0,0,0,0,0,0,0,0
member,4,0,0,0,2,0,1,1,0,0,0,0,0,0
associ,2,0,0,0,0,0,1,0,0,0,0,0,0,0
inaugur,1,0,1,0,0,0,0,0,0,0,0,0,0,0
estim,2,0,1,0,0,0,0,0,0,0,1,0,0,0
fighter,2,0,1,0,0,0,0,0,0,0,1,0,0,0
held,1,0,1,0,0,0,0,0,0,0,0,0,0,0
approx,1,0,1,0,0,0,0,0,0,0,0,0,0,0
squar,1,0,1,0,0,0,0,0,0,0,0,0,0,0
mile,2,0,1,0,0,0,0,1,0,0,0,0,0,0
territori,2,0,1,0,1,0,0,0,0,0,0,0,0,0
est,1,0,1,0,0,0,0,0,0,0,0,0,0,0
remain,2,0,1,0,0,0,0,0,0,0,0,0,1,0
occupi,1,0,1,0,0,0,0,0,0,0,0,0,0,0
west,5,1,1,0,1,1,0,0,0,0,1,0,0,0
palm,1,0,0,0,0,1,0,0,0,0,0,0,0,0
beach,2,0,0,0,1,1,0,0,0,0,0,0,0,0
rescu,3,0,1,0,1,1,0,0,0,0,0,0,0,0
met,4,0,0,0,0,2,0,1,0,0,0,0,1,0
repres,6,0,0,0,1,1,0,1,0,0,1,0,0,0
firefight,1,0,0,0,0,1,0,0,0,0,0,0,0,0
paramed,1,0,0,0,0,1,0,0,0,0,0,0,0,0
pois,1,0,0,1,0,0,0,0,0,0,0,0,0,0
wow,6,0,0,1,0,0,2,0,2,0,0,0,0,0
bogus,1,0,0,0,0,0,0,0,1,0,0,0,0,0
campaign,11,1,2,0,0,1,0,1,2,0,0,0,1,2
dossier,2,0,0,0,0,0,0,0,1,0,0,0,0,1
verifi,1,0,0,0,0,0,0,0,1,0,0,0,0,0
claim,2,0,0,0,1,0,0,0,1,0,0,0,0,0
pile,1,0,0,0,0,0,0,0,1,0,0,0,0,0
garbag,1,0,0,0,0,0,0,0,1,0,0,0,0,0
base,10,0,0,2,1,2,0,0,1,0,1,0,1,2
unpopular,4,0,0,0,1,0,0,0,1,0,1,0,1,0
individu,5,0,0,1,0,0,0,0,1,1,1,0,1,0
mandat,6,0,0,1,1,0,0,0,1,1,1,0,1,0
termin,4,0,0,0,1,1,0,0,0,1,0,0,1,0
essenti,1,0,0,0,0,0,0,0,0,0,0,0,1,0
repeal,6,0,0,1,1,0,0,0,1,0,2,0,1,0
eventu,1,0,0,0,0,0,0,0,0,0,0,0,1,0
develop,2,0,0,0,1,0,0,0,0,0,0,0,1,0
plan,4,0,0,1,0,1,0,0,0,0,1,0,1,0
hope,7,1,0,1,1,0,1,0,0,0,1,0,1,0
tomorrow,8,0,0,2,1,0,0,0,0,0,4,0,1,0
merri,6,0,0,2,0,0,0,2,0,0,2,0,0,0
led,3,0,0,1,0,0,0,0,0,0,0,0,0,0
assault,1,0,0,1,0,0,0,0,0,0,0,0,0,0
cherish,2,0,1,1,0,0,0,0,0,0,0,0,0,0
phrase,1,0,0,1,0,0,0,0,0,0,0,0,0,0
drill,1,0,0,0,0,0,0,0,0,0,1,0,0,0
brought,1,0,0,0,0,0,0,0,0,0,1,0,0,0
convinc,1,0,0,0,0,0,0,0,0,0,1,0,0,0
otherwis,1,0,0,0,0,0,0,0,0,0,1,0,0,0
insid,1,0,0,0,0,0,0,0,0,0,1,0,0,0
poll,5,0,0,1,1,1,0,0,1,0,1,0,0,0
beat,1,0,0,0,0,0,0,0,1,0,0,0,0,0
addit,4,0,0,0,1,1,0,0,1,0,0,0,1,0
wife,2,0,0,0,0,0,0,0,1,0,0,0,0,0
puppet,7,0,0,2,1,1,0,0,1,0,1,0,0,0
alleg,2,1,0,0,0,0,0,0,1,0,0,0,0,0
offici,5,0,1,0,1,1,0,0,1,0,1,0,0,0
email,8,1,0,0,0,2,0,0,1,0,0,0,1,0
account,2,1,0,0,0,0,0,0,1,0,0,0,0,0
promot,2,0,0,1,0,0,0,0,1,0,0,0,0,0
obvious,1,0,0,0,0,0,0,0,1,0,0,0,0,0
investig,7,0,0,0,1,2,0,0,1,0,0,0,0,1
congression,2,1,0,0,1,0,0,0,0,0,0,0,0,0
race,5,1,0,0,2,1,0,0,0,1,0,0,0,0
said,9,1,0,1,3,0,0,0,0,0,1,0,3,0
strang,3,0,0,0,2,1,0,0,0,0,0,0,0,0
lost,4,0,2,0,1,1,0,0,0,0,0,0,0,0
candid,4,0,0,1,2,0,0,0,0,0,1,0,0,0
correct,3,0,0,0,1,0,1,0,0,0,0,0,0,0
lawyer,3,0,0,0,1,1,1,0,0,0,0,0,0,0
baker,1,0,0,0,0,0,1,0,0,0,0,0,0,0
reassign,1,0,0,0,0,0,1,0,0,0,0,0,0,0
accord,1,0,0,0,0,0,1,0,0,0,0,0,0,0
deputi,2,0,0,0,0,1,0,0,0,1,0,0,0,0
director,2,0,0,0,0,1,0,0,0,1,0,0,0,0
clock,1,0,0,0,0,0,0,0,0,1,0,0,0,0
retir,1,0,0,0,0,0,0,0,0,1,0,0,0,0
delet,4,1,0,0,1,2,0,0,0,0,0,0,0,0
hate,4,0,0,0,1,0,0,0,1,1,1,0,0,0
largest,1,0,0,1,0,0,0,0,0,0,0,0,0,0
remark,3,0,0,1,1,0,0,0,0,0,0,0,0,0
congressman,1,0,0,0,0,0,0,0,0,0,1,0,0,0
brilliant,2,0,0,1,0,0,0,0,0,0,1,0,0,0
young,2,0,0,0,0,0,0,0,0,0,1,0,0,1
governor,3,0,0,1,1,0,0,0,0,0,1,0,0,0
true,5,2,0,0,0,0,0,0,0,0,2,0,0,0
less,1,0,0,0,0,0,0,0,0,0,0,0,1,0
worst,3,0,0,0,0,0,0,0,0,0,0,0,1,1
amount,2,1,0,0,0,0,0,0,0,0,0,0,1,0
rais,5,0,0,1,1,0,0,0,1,0,0,0,1,1
minut,3,1,0,1,0,0,0,0,0,0,1,0,0,0
oval,1,0,0,1,0,0,0,0,0,0,0,0,0,0
missil,3,0,0,1,1,1,0,0,0,0,0,0,0,0
defens,2,0,0,1,1,0,0,0,0,0,0,0,0,0
legisl,1,0,0,0,1,0,0,0,0,0,0,0,0,0
broke,2,0,0,0,2,0,0,0,0,0,0,0,0,0
harri,1,0,0,0,1,0,0,0,0,0,0,0,0,0
judici,1,0,0,0,1,0,0,0,0,0,0,0,0,0
appoint,2,1,0,0,1,0,0,0,0,0,0,0,0,0
sure,1,0,0,0,1,0,0,0,0,0,0,0,0,0
credit,3,0,1,0,1,0,0,0,0,0,1,0,0,0
kirk,1,0,0,0,0,0,0,0,0,0,1,0,0,0
review,2,0,0,0,1,0,0,0,0,0,1,0,0,0
compil,1,0,0,0,0,0,0,0,0,0,1,0,0,0
list,1,0,0,0,0,0,0,0,0,0,1,0,0,0
predict,4,1,0,1,1,0,0,0,0,0,1,0,0,0
bipartisan,1,0,0,1,0,0,0,0,0,0,0,0,0,0
fashion,2,0,0,1,1,0,0,0,0,0,0,0,0,0
perfect,1,0,0,1,0,0,0,0,0,0,0,0,0,0
spent,4,0,0,1,1,2,0,0,0,0,0,0,0,0
middl,12,1,0,1,5,1,0,0,0,0,3,0,0,1
rebuild,3,0,0,2,1,0,0,0,0,0,0,0,0,0
popular,3,0,0,2,1,0,0,0,0,0,0,0,0,0
unexpect,1,0,0,1,0,0,0,0,0,0,0,0,0,0
shower,1,0,0,1,0,0,0,0,0,0,0,0,0,0
phenomenon,1,0,0,1,0,0,0,0,0,0,0,0,0,0
rage,1,0,0,1,0,0,0,0,0,0,0,0,0,0
yesterday,8,1,0,0,2,0,0,1,0,0,3,0,0,0
shutdown,2,0,0,0,1,1,0,0,0,0,0,0,0,0
holiday,2,0,0,0,1,0,0,0,0,0,0,0,0,0
distract,1,0,0,0,1,0,0,0,0,0,0,0,0,0
open,5,0,1,0,3,0,0,0,0,0,1,0,0,0
home,7,0,0,1,0,0,1,1,0,0,3,0,0,1
name,5,0,0,0,1,0,0,0,0,0,2,0,0,1
influenti,1,0,0,0,0,0,0,0,0,0,1,0,0,0
three,5,1,0,0,0,0,0,0,0,0,1,0,0,3
formula,1,0,0,0,0,0,0,0,0,0,1,0,0,0
boss,2,0,1,0,0,0,0,0,1,0,0,0,0,0
speak,7,0,0,2,1,0,1,0,1,0,1,0,0,1
alreadi,4,0,0,1,1,0,0,0,1,0,0,0,0,1
relief,1,0,0,1,0,0,0,0,0,0,0,0,0,0
fantast,1,0,0,0,0,0,0,0,0,0,1,0,0,0
strateg,1,0,0,0,0,0,0,0,0,0,1,0,0,0
ask,5,0,0,0,1,1,0,0,0,0,1,0,0,1
talent,1,0,0,0,0,0,0,0,0,0,1,0,0,0
partner,2,0,0,0,0,0,0,0,0,0,2,0,0,0
team,3,1,0,0,1,0,0,0,0,0,1,0,0,0
onto,1,0,0,0,0,0,0,0,0,0,1,0,0,0
larg,2,0,0,0,0,0,1,0,0,0,0,0,0,0
meaning,1,0,0,0,0,0,1,0,0,0,0,0,0,0
overtim,2,0,0,0,1,0,1,0,0,0,0,0,0,0
follow,3,0,1,0,1,0,1,0,0,0,0,0,0,0
lead,5,0,1,3,0,0,1,0,0,0,0,0,0,0
defeat,4,0,0,0,1,0,1,0,0,0,0,0,0,2
demean,1,0,0,0,0,0,1,0,0,0,0,0,0,0
morn,3,0,0,1,2,0,0,0,0,0,0,0,0,0
nomin,3,0,0,0,0,0,0,0,0,0,2,0,0,0
prior,1,0,0,0,0,0,0,0,0,0,0,0,0,0
confirm,1,0,0,0,0,0,0,0,0,0,0,0,0,0
waver,1,0,0,0,0,0,0,0,0,0,0,0,0,0
suprem,2,0,0,1,0,0,0,0,0,0,0,0,0,0
unnam,1,0,0,0,0,0,0,0,0,0,0,0,0,0
understood,2,0,0,0,1,0,0,0,0,0,0,0,1,0
scope,1,0,0,0,0,0,0,0,0,0,0,0,1,0
size,1,0,0,0,0,0,0,0,0,0,0,0,1,0
immedi,3,0,0,0,0,1,0,0,0,0,0,0,1,0
expens,1,0,0,0,0,0,0,0,0,0,0,0,1,0
enjoy,3,1,0,1,0,0,0,0,0,0,0,0,1,0
rise,1,0,0,1,0,0,0,0,0,0,0,0,0,0
task,2,0,0,0,0,0,0,1,0,0,0,0,0,0
strengthen,2,0,0,1,0,0,0,1,0,0,0,0,0,0
serv,3,0,0,2,0,0,0,1,0,0,0,0,0,0
celebr,4,0,0,0,0,0,0,2,0,0,2,0,0,0
shine,2,0,0,1,0,0,0,1,0,0,0,0,0,0
strategi,2,0,0,1,1,0,0,0,0,0,0,0,0,0
declar,2,0,0,1,1,0,0,0,0,0,0,0,0,0
game,4,0,0,2,1,0,0,0,0,0,1,0,0,0
determin,3,0,0,1,1,1,0,0,0,0,0,0,0,0
four,1,0,0,0,1,0,0,0,0,0,0,0,0,0
pillar,1,0,0,0,1,0,0,0,0,0,0,0,0,0
maria,1,0,0,0,1,0,0,0,0,0,0,0,0,0
b,3,0,0,0,3,0,0,0,0,0,0,0,0,0
listen,2,0,0,1,0,0,0,0,0,0,0,0,0,1
loud,2,0,0,1,0,0,0,1,0,0,0,0,0,0
ten,1,0,0,0,0,0,0,1,0,0,0,0,0,0
thousand,4,0,0,0,0,1,0,1,0,0,0,0,0,1
visit,6,0,0,1,3,0,0,1,0,0,1,0,0,0
everywher,1,0,0,0,0,0,0,1,0,0,0,0,0,0
travel,3,0,0,0,2,0,0,1,0,0,0,0,0,0
highest,7,1,0,1,2,0,0,1,0,0,0,0,1,0
privileg,1,0,0,0,0,0,0,1,0,0,0,0,0,0
sympathi,1,0,1,0,0,0,0,0,0,0,0,0,0,0
heartfelt,1,0,1,0,0,0,0,0,0,0,0,0,0,0
prayer,5,0,5,0,0,0,0,0,0,0,0,0,0,0
train,3,0,2,0,0,1,0,0,0,0,0,0,0,0
derail,1,0,1,0,0,0,0,0,0,0,0,0,0,0
monitor,4,0,3,0,1,0,0,0,0,0,0,0,0,0
situat,4,0,2,0,1,0,0,0,0,0,0,0,1,0
coordin,1,0,1,0,0,0,0,0,0,0,0,0,0,0
local,3,0,2,0,0,0,0,0,0,0,1,0,0,0
involv,2,0,2,0,0,0,0,0,0,0,0,0,0,0
accid,2,0,1,0,0,1,0,0,0,0,0,0,0,0
wonder,13,0,2,0,4,0,0,1,0,0,5,0,0,0
scene,2,0,1,0,1,0,0,0,0,0,0,0,0,0
submit,1,0,0,0,0,1,0,0,0,0,0,0,0,0
quick,3,0,0,1,1,1,0,0,0,0,0,0,0,0
road,2,1,0,0,0,1,0,0,0,0,0,0,0,0
bridg,1,0,0,0,0,1,0,0,0,0,0,0,0,0
tunnel,1,0,0,0,0,1,0,0,0,0,0,0,0,0
railway,1,0,0,0,0,1,0,0,0,0,0,0,0,0
crumbl,1,0,0,0,0,1,0,0,0,0,0,0,0,0
differ,3,1,0,0,1,0,0,1,0,0,0,0,0,0
reason,5,1,0,0,3,0,0,0,0,0,1,0,0,0
centuri,1,0,0,1,0,0,0,0,0,0,0,0,0,0
conquer,1,0,0,1,0,0,0,0,0,0,0,0,0,0
flight,1,0,0,1,0,0,0,0,0,0,0,0,0,0
motiv,1,0,0,1,0,0,0,0,0,0,0,0,0,0
inspir,2,0,0,1,1,0,0,0,0,0,0,0,0,0
tire,1,0,0,1,0,0,0,0,0,0,0,0,0,0
explor,2,0,0,2,0,0,0,0,0,0,0,0,0,0
innov,3,0,0,2,0,0,0,0,0,0,0,0,0,0
spirit,1,0,0,1,0,0,0,0,0,0,0,0,0,0
design,2,0,0,1,0,0,0,0,0,0,1,0,0,0
superson,1,0,0,1,0,0,0,0,0,0,0,0,0,0
jet,1,0,0,1,0,0,0,0,0,0,0,0,0,0
generat,3,0,0,2,0,0,0,0,0,0,1,0,0,0
weekend,3,0,0,0,1,0,0,0,0,0,1,0,0,0
special,3,0,0,2,0,0,0,0,0,0,1,0,0,0
lot,1,0,0,0,0,0,0,0,0,0,1,0,0,0
head,14,0,0,3,7,0,0,0,0,0,3,0,0,1
promis,6,0,0,1,0,0,0,0,0,0,3,0,1,1
everyday,3,0,0,1,1,0,0,0,0,0,1,0,0,0
backbon,2,0,0,0,0,0,0,0,0,0,2,0,0,0
heartbeat,1,0,0,0,0,0,0,0,0,0,1,0,0,0
invest,1,0,0,1,0,0,0,0,0,0,0,0,0,0
growth,3,0,0,2,0,0,0,0,0,0,1,0,0,0
wage,1,0,0,1,0,0,0,0,0,0,0,0,0,0
guy,2,1,0,0,0,0,0,1,0,0,0,0,0,0
knowledg,1,0,0,0,0,0,0,1,0,0,0,0,0,0
excit,2,0,0,0,0,0,0,1,0,0,1,0,0,0
p,2,0,0,1,1,0,0,0,0,0,0,0,0,0
marin,2,1,0,0,0,0,0,0,0,0,1,0,0,0
helicopt,1,0,0,0,0,0,0,0,0,0,1,0,0,0
squadron,1,0,0,0,0,0,0,0,0,0,1,0,0,0
corp,1,0,0,0,0,0,0,0,0,0,1,0,0,0
air,3,0,0,0,1,0,0,0,0,0,2,0,0,0
facil,1,0,0,0,0,0,0,0,0,0,1,0,0,0
sacrific,4,0,1,1,0,0,0,1,0,0,1,0,0,0
servic,5,0,1,1,0,0,0,2,0,0,1,0,0,0
sheriff,1,0,0,1,0,0,0,0,0,0,0,0,0,0
graduat,1,0,0,0,0,0,0,1,0,0,0,0,0,0
class,8,1,0,0,3,0,0,1,0,0,3,0,0,0
academi,1,0,0,0,0,0,0,1,0,0,0,0,0,0
optim,1,0,0,0,0,0,0,0,0,0,1,0,0,0
rose,2,0,0,0,0,0,0,0,0,0,1,0,1,0
latest,1,0,0,0,0,0,0,0,0,0,1,0,0,0
outlook,1,0,0,0,0,0,0,0,0,0,1,0,0,0
page,1,0,0,0,0,0,0,0,0,0,1,0,0,0
code,1,0,0,0,0,0,0,0,0,0,1,0,0,0
feder,5,1,0,0,3,0,0,0,0,0,1,0,0,0
room,6,0,0,0,3,0,0,0,0,0,2,0,0,1
tape,3,0,0,0,0,0,0,0,0,0,1,0,0,1
free,5,0,0,1,2,0,0,0,0,0,0,0,0,0
dream,4,0,0,2,1,0,0,0,0,0,0,0,0,0
thrive,1,0,0,0,0,0,0,0,0,0,0,0,0,0
prosper,5,0,0,3,1,0,0,0,0,0,0,0,0,0
challeng,1,0,0,0,0,0,0,0,0,0,0,0,0,0
goal,1,0,0,0,0,0,0,0,0,0,0,0,0,0
pioneer,1,0,0,1,0,0,0,0,0,0,0,0,0,0
inventor,1,0,0,1,0,0,0,0,0,0,0,0,0,0
gather,1,0,0,0,0,0,0,0,0,0,1,0,0,0
decad,1,0,0,0,0,0,0,0,0,0,1,0,0,0
maze,1,0,0,0,0,0,0,0,0,0,1,0,0,0
rule,3,0,0,1,1,0,0,0,0,0,1,0,0,0
restrict,1,0,0,0,0,0,0,0,0,0,1,0,0,0
countless,1,0,0,0,0,0,0,0,0,0,1,0,0,0
factori,1,0,0,0,0,0,0,0,0,0,1,0,0,0
devast,2,0,0,1,0,0,0,0,0,0,1,0,0,0
industri,1,0,0,0,0,0,0,0,0,0,1,0,0,0
voic,2,0,0,2,0,0,0,0,0,0,0,0,0,0
heard,4,0,0,2,0,0,0,1,0,0,1,0,0,0
moment,1,0,0,1,0,0,0,0,0,0,0,0,0,0
dawn,1,0,0,1,0,0,0,0,0,0,0,0,0,0
patriot,1,0,0,1,0,0,0,0,0,0,0,0,0,0
pride,1,0,0,1,0,0,0,0,0,0,0,0,0,0
meantim,1,0,0,0,0,0,0,0,0,0,1,0,0,0
razor,1,0,0,0,1,0,0,0,0,0,0,0,0,0
thin,1,0,0,0,1,0,0,0,0,0,0,0,0,0
margin,2,0,0,1,1,0,0,0,0,0,0,0,0,0
forc,4,0,1,0,0,0,0,0,0,0,0,0,0,1
retract,2,0,0,0,0,0,0,0,0,0,0,0,0,0
untru,1,0,0,0,0,0,0,0,0,0,0,0,0,0
henc,1,0,0,0,0,0,0,0,0,0,0,0,0,0
truth,2,0,0,0,0,0,0,0,0,0,0,0,0,0
becom,3,0,0,0,0,0,0,0,0,0,1,0,0,0
joke,1,0,0,0,0,0,0,0,0,0,0,0,0,0
origin,1,0,0,0,1,0,0,0,0,0,0,0,0,0
endors,2,0,0,0,1,1,0,0,0,0,0,0,0,0
mightili,1,0,0,0,1,0,0,0,0,0,0,0,0,0
abl,2,0,0,0,2,0,0,0,0,0,0,0,0,0
general,7,1,1,0,3,0,0,0,0,0,0,0,1,0
deck,1,0,0,0,1,0,0,0,0,0,0,0,0,0
stack,1,0,0,0,1,0,0,0,0,0,0,0,0,0
factor,1,0,0,0,0,0,0,0,0,0,1,0,0,0
shot,3,0,0,0,0,1,0,0,0,0,1,0,0,0
seat,3,0,0,0,1,0,0,0,0,0,2,0,0,0
around,5,0,0,2,0,0,0,1,0,0,1,0,1,0
eight,1,0,0,0,0,0,0,1,0,0,0,0,0,0
night,5,0,0,0,0,0,0,2,0,0,1,0,0,1
consum,7,1,0,2,2,0,0,0,0,0,1,0,1,0
confid,8,1,0,1,3,0,0,0,0,0,1,0,2,0
weak,11,0,2,1,2,0,0,0,0,0,1,0,0,3
crime,14,0,1,3,3,0,0,0,0,0,1,0,1,2
gun,2,0,0,1,0,0,0,0,0,0,1,0,0,0
owner,1,0,0,0,0,0,0,0,0,0,1,0,0,0
lightweight,1,0,1,0,0,0,0,0,0,0,0,0,0,0
chuck,3,0,1,1,0,0,0,0,0,0,0,0,0,1
contribut,1,0,1,0,0,0,0,0,0,0,0,0,0,0
ring,1,0,1,0,0,0,0,0,0,0,0,0,0,0
disloy,1,0,1,0,0,0,0,0,0,0,0,0,0,0
wast,2,0,0,0,0,1,0,0,0,0,0,0,0,0
unabl,3,0,0,1,0,1,0,0,0,0,0,0,0,0
fals,4,0,0,0,0,2,0,0,0,0,0,0,0,0
fabric,1,0,0,0,0,1,0,0,0,0,0,0,0,0
televis,1,0,0,0,0,0,0,0,0,0,0,0,0,0
wrong,3,0,0,1,0,0,0,0,0,0,0,0,0,0
seldom,1,0,0,0,0,0,0,0,0,0,0,0,0,0
consid,3,1,0,0,0,1,0,0,0,0,0,0,0,0
lemon,1,0,0,0,0,0,0,0,0,0,0,0,0,0
call,8,0,1,1,2,0,0,0,0,0,1,0,0,1
discuss,4,0,2,0,0,0,0,0,0,0,0,0,1,0
purpos,3,0,0,0,1,0,0,0,0,0,0,0,0,0
defamatori,1,0,0,0,0,0,0,0,0,0,0,0,0,0
mean,1,0,0,0,0,0,0,0,0,0,0,0,0,0
major,7,1,1,0,1,0,0,0,0,0,1,0,1,0
withdrawn,1,0,0,0,0,0,0,0,0,0,0,0,0,0
expos,1,0,0,0,0,0,0,0,0,0,0,0,0,0
stain,1,0,0,0,0,0,0,0,0,0,0,0,0,0
closer,3,0,0,3,0,0,0,0,0,0,0,0,0,0
shape,1,0,0,1,0,0,0,0,0,0,0,0,0,0
project,1,0,0,1,0,0,0,0,0,0,0,0,0,0
separ,1,0,0,0,0,0,0,0,0,0,0,0,0,0
prevent,1,0,0,0,0,0,0,0,0,0,0,0,0,0
citi,3,0,1,0,1,0,0,0,0,0,0,0,0,0
sanctuari,1,0,0,0,0,0,0,0,0,0,0,0,0,0
crimin,2,0,0,1,0,0,0,0,0,0,0,0,0,0
alien,1,0,0,0,0,0,0,0,0,0,0,0,0,0
armi,1,0,0,0,0,0,0,0,0,0,1,0,0,0
navi,1,0,0,0,0,0,0,0,0,0,1,0,0,0
trophi,4,0,0,0,2,1,0,0,0,0,1,0,0,0
admit,1,0,0,0,0,0,0,0,0,0,0,0,0,0
empti,2,0,0,0,0,0,0,0,0,0,0,0,0,0
arena,3,0,0,0,0,0,0,1,0,0,0,0,0,0
speech,5,1,0,0,2,0,0,0,0,0,1,0,0,0
knew,2,0,0,0,0,0,0,0,0,0,0,0,0,1
pack,3,0,0,0,0,0,0,1,0,0,0,0,0,0
shown,2,0,0,0,0,0,0,0,0,0,0,0,0,0
photo,2,0,0,0,0,0,0,0,0,0,1,0,0,0
arriv,4,0,0,1,1,0,0,0,0,0,1,0,0,0
venu,1,0,0,0,0,0,0,0,0,0,0,0,0,0
outsid,2,0,0,0,0,0,0,0,0,0,0,0,0,0
demand,2,0,0,0,0,1,0,0,0,0,0,0,0,0
extraordinari,2,0,0,0,0,0,0,1,0,0,1,0,0,0
museum,2,0,0,1,0,0,0,0,0,0,1,0,0,0
civil,2,0,0,1,0,0,0,0,0,0,1,0,0,0
solemn,1,0,0,0,0,0,0,0,0,0,1,0,0,0
tribut,1,0,0,0,0,0,0,0,0,0,1,0,0,0
dedic,1,0,0,0,0,0,0,0,0,0,1,0,0,0
equal,1,0,0,0,0,0,0,0,0,0,1,0,0,0
invit,1,0,0,1,0,0,0,0,0,0,0,0,0,0
slogan,1,0,0,0,0,0,0,0,0,0,0,0,0,0
trust,1,0,0,0,0,0,0,0,0,0,0,0,0,0
outlet,1,0,0,0,0,0,0,0,0,0,0,0,0,0
least,2,0,0,0,0,0,0,0,0,0,0,0,0,0
vicious,1,0,0,0,0,0,0,0,0,0,0,0,0,0
mistak,2,0,0,0,1,0,0,0,0,0,0,0,0,0
lone,1,0,0,0,0,0,0,0,0,0,0,0,0,0
respons,2,0,0,1,0,0,0,0,0,0,0,0,0,0
gross,1,0,0,0,0,0,0,0,0,0,0,0,0,0
incompet,2,0,1,0,0,0,0,0,0,0,0,0,0,0
conting,1,0,0,0,0,0,0,0,0,0,1,0,0,0
enthusiast,1,0,0,0,0,0,0,0,0,0,1,0,0,0
fan,2,0,0,0,1,0,0,0,0,0,1,0,0,0
liber,4,0,0,1,0,1,0,0,0,0,1,0,0,0
rafter,1,0,0,0,0,0,0,1,0,0,0,0,0,0
crowd,2,0,0,0,0,0,0,1,0,0,1,0,0,0
definit,1,0,0,0,0,0,0,1,0,0,0,0,0,0
stand,5,0,0,0,2,0,0,1,0,0,1,0,0,1
pledg,1,0,0,0,0,0,0,1,0,0,0,0,0,0
allegi,1,0,0,0,0,0,0,1,0,0,0,0,0,0
land,5,2,0,1,1,0,0,0,0,0,1,0,0,0
matter,1,0,0,1,0,0,0,0,0,0,0,0,0,0
bay,2,0,0,0,0,0,0,0,0,0,2,0,0,0
center,2,0,0,0,0,0,0,0,0,0,2,0,0,0
manufactur,2,1,0,0,0,0,0,0,0,0,0,0,1,0
among,1,0,0,0,0,0,0,0,0,0,0,0,1,0
fine,4,0,0,1,1,0,0,0,0,0,0,0,0,0
penalti,4,0,1,0,0,0,0,0,0,0,0,0,0,2
bank,1,0,0,0,0,0,0,0,0,0,0,0,0,0
custom,1,0,0,0,0,0,0,0,0,0,0,0,0,0
incorrect,1,0,0,0,0,0,0,0,0,0,0,0,0,0
pursu,2,0,0,0,1,0,0,0,0,0,0,0,0,0
substanti,2,0,0,0,1,0,0,0,0,0,0,0,0,0
sever,1,0,0,0,0,0,0,0,0,0,0,0,0,0
cheat,2,0,0,0,0,0,0,0,0,0,1,0,0,0
vet,6,0,0,3,1,1,0,0,0,0,0,0,0,1
expect,1,0,0,0,0,0,0,0,0,0,1,0,0,0
tonight,1,0,0,0,0,0,0,0,0,0,1,0,0,0
thrill,3,0,0,0,1,0,0,0,0,0,2,0,0,0
across,3,0,0,2,0,0,0,1,0,0,0,0,0,0
battlefield,1,0,0,0,0,0,0,1,0,0,0,0,0,0
ocean,1,0,0,0,0,0,0,1,0,0,0,0,0,0
harrow,1,0,0,0,0,0,0,1,0,0,0,0,0,0
sky,2,0,0,1,0,0,0,1,0,0,0,0,0,0
pacif,1,0,0,0,0,0,0,1,0,0,0,0,0,0
war,1,0,0,0,0,0,0,1,0,0,0,0,0,0
battl,1,0,0,0,0,0,0,1,0,0,0,0,0,0
foe,1,0,0,0,0,0,0,1,0,0,0,0,0,0
alik,1,0,0,0,0,0,0,1,0,0,0,0,0,0
pearl,8,0,4,1,3,0,0,0,0,0,0,0,0,0
harbor,6,0,2,1,3,0,0,0,0,0,0,0,0,0
surviv,1,0,1,0,0,0,0,0,0,0,0,0,0,0
attack,10,1,5,0,1,0,0,0,0,0,1,0,0,2
heart,1,0,1,0,0,0,0,0,0,0,0,0,0,0
fill,2,0,1,0,0,0,0,0,0,0,0,0,0,0
gratitud,2,0,1,0,0,0,0,0,0,0,1,0,0,0
fli,1,0,1,0,0,0,0,0,0,0,0,0,0,0
remembr,2,0,1,0,1,0,0,0,0,0,0,0,0,0
paus,1,0,1,0,0,0,0,0,0,0,0,0,0,0
brave,2,0,1,0,0,0,0,0,0,0,1,0,0,0
warrior,1,0,1,0,0,0,0,0,0,0,0,0,0,0
stood,1,0,1,0,0,0,0,0,0,0,0,0,0,0
tall,1,0,1,0,0,0,0,0,0,0,0,0,0,0
wear,1,0,0,0,0,0,0,1,0,0,0,0,0,0
uniform,1,0,0,0,0,0,0,1,0,0,0,0,0,0
infami,1,0,0,0,1,0,0,0,0,0,0,0,0,0
recogn,1,0,0,0,0,1,0,0,0,0,0,0,0,0
capit,2,0,0,1,0,1,0,0,0,0,0,0,0,0
direct,1,0,0,0,0,1,0,0,0,0,0,0,0,0
depart,7,0,1,1,2,2,0,0,0,0,0,0,0,1
prepar,2,0,0,0,1,1,0,0,0,0,0,0,0,0
embassi,2,0,0,0,1,1,0,0,0,0,0,0,0,0
tel,1,0,0,0,0,1,0,0,0,0,0,0,0,0
via,1,0,0,0,1,0,0,0,0,0,0,0,0,0
periscop,1,0,0,0,1,0,0,0,0,0,0,0,0,0
path,1,0,1,0,0,0,0,0,0,0,0,0,0,0
wildfir,1,0,1,0,0,0,0,0,0,0,0,0,0,0
encourag,1,0,1,0,0,0,0,0,0,0,0,0,0,0
heed,1,0,1,0,0,0,0,0,0,0,0,0,0,0
advic,1,0,1,0,0,0,0,0,0,0,0,0,0,0
ticket,1,0,0,0,0,0,0,0,0,0,1,0,0,0
magnific,1,0,0,0,0,0,0,0,0,0,1,0,0,0
capitol,1,0,0,0,0,0,0,0,0,0,1,0,0,0
presidenti,3,0,1,0,1,0,0,0,0,0,1,0,0,0
proclam,2,0,0,0,1,0,0,0,0,0,1,0,0,0
modifi,1,0,0,0,0,0,0,0,0,0,1,0,0,0
bear,1,0,0,0,0,0,0,0,0,0,1,0,0,0
ear,1,0,0,0,0,0,0,0,0,0,1,0,0,0
grand,1,0,0,0,0,0,0,0,0,0,1,0,0,0
staircas,1,0,0,0,0,0,0,0,0,0,1,0,0,0
legal,1,0,0,1,0,0,0,0,0,0,0,0,0,0
scholar,1,0,0,1,0,0,0,0,0,0,0,0,0,0
roar,3,0,0,2,0,0,0,0,0,0,0,0,0,0
pro,1,0,0,0,1,0,0,0,0,0,0,0,0,0
amend,3,0,0,1,1,0,0,0,0,0,0,0,0,1
sens,1,0,0,0,0,0,0,0,0,0,0,0,0,0
hire,1,0,0,0,0,1,0,0,0,0,0,0,0,0
su,1,0,0,0,0,1,0,0,0,0,0,0,0,0
damag,1,0,0,0,0,1,0,0,0,0,0,0,0,0
caus,1,0,0,0,0,1,0,0,0,0,0,0,0,0
reput,1,0,0,0,0,0,0,0,0,0,0,0,0,0
tatter,1,0,0,0,0,0,0,0,0,0,0,0,0,0
taint,1,0,0,0,0,0,0,0,0,0,0,0,0,0
role,2,1,0,0,0,0,0,0,0,0,0,0,0,0
probe,1,0,0,0,0,0,0,0,0,0,0,0,0,0
miscarriag,1,0,1,0,0,0,0,0,0,0,0,0,0,0
horrend,1,0,0,0,0,0,0,0,0,0,1,0,0,0
inaccur,1,0,0,0,0,0,0,0,0,0,1,0,0,0
network,3,0,0,0,0,1,0,0,0,0,1,0,0,1
subpoena,1,0,0,0,0,1,0,0,0,0,0,0,0,0
famous,1,0,0,0,0,0,0,0,0,0,0,0,0,0
swear,1,0,0,0,0,0,0,0,0,0,0,0,0,0
ladi,2,0,0,0,0,0,0,1,0,0,0,0,0,0
seamstress,1,0,0,0,0,0,0,0,0,0,1,0,0,0
utter,1,0,0,0,0,0,0,0,0,0,1,0,0,0
vice,1,0,1,0,0,0,0,0,0,0,0,0,0,0
guilti,1,0,1,0,0,0,0,0,0,0,0,0,0,0
shame,1,0,1,0,0,0,0,0,0,0,0,0,0,0
action,2,0,1,0,0,0,0,0,0,0,0,0,1,0
hide,1,0,1,0,0,0,0,0,0,0,0,0,0,0
passag,2,0,0,1,0,0,0,0,0,0,1,0,0,0
step,4,0,0,2,1,0,0,0,0,0,1,0,0,0
chairman,2,0,0,1,0,0,0,0,0,0,1,0,0,0
shepherd,1,0,0,1,0,0,0,0,0,0,0,0,0,0
economist,1,0,0,0,1,0,0,0,0,0,0,0,0,0
enact,1,0,0,1,0,0,0,0,0,0,0,0,0,0
comprehens,1,0,0,1,0,0,0,0,0,0,0,0,0,0
overhaul,1,0,0,1,0,0,0,0,0,0,0,0,0,0
ignit,1,0,0,1,0,0,0,0,0,0,0,0,0,0
specul,1,0,0,0,0,0,0,0,0,0,0,0,0,0
disagre,1,0,0,0,0,0,0,0,0,0,0,0,0,0
certain,1,0,0,0,0,0,0,0,0,0,0,0,0,0
obstructionist,3,0,1,0,1,0,0,0,0,0,1,0,0,0
block,1,0,0,0,0,0,0,0,0,0,1,0,0,0
juri,1,0,1,0,0,0,0,0,0,0,0,0,0,0
killer,2,0,1,0,0,0,0,0,0,0,0,0,0,0
felon,1,0,1,0,0,0,0,0,0,0,0,0,0,0
came,2,0,0,0,0,0,0,0,0,0,0,0,0,1
violent,1,0,0,0,0,0,0,0,0,0,0,0,0,0
info,1,0,0,0,0,0,0,0,0,0,0,0,0,0
exoner,1,0,0,0,0,0,0,0,0,0,0,0,0,0
travesti,1,0,0,0,0,0,0,0,0,0,0,0,0,0
verdict,1,0,0,0,0,0,0,0,0,0,0,0,0,0
angri,2,0,0,0,0,0,0,0,0,0,0,0,0,1
mother,1,0,0,0,0,0,0,1,0,0,0,0,0,0
father,5,1,0,0,2,0,0,1,0,0,0,0,0,1
babi,1,0,0,0,0,0,0,1,0,0,0,0,0,0
son,5,0,0,0,3,0,0,1,0,0,0,0,0,1
gift,1,0,0,0,0,0,0,1,0,0,0,0,0,0
whatev,1,0,0,0,1,0,0,0,0,0,0,0,0,0
belief,1,0,0,0,1,0,0,0,0,0,0,0,0,0
birth,1,0,0,0,1,0,0,0,0,0,0,0,0,0
fifth,1,0,0,0,1,0,0,0,0,0,0,0,0,0
mileston,1,0,0,0,1,0,0,0,0,0,0,0,0,0
crown,3,0,0,1,1,0,0,0,0,0,1,0,0,0
princ,2,0,0,0,1,0,0,0,0,0,1,0,0,0
advanc,1,0,0,1,0,0,0,0,0,0,0,0,0,0
purchas,1,0,0,1,0,0,0,0,0,0,0,0,0,0
glum,1,0,0,0,1,0,0,0,0,0,0,0,0,0
enthusiasm,1,0,0,0,0,0,0,0,0,0,0,0,1,0
abound,1,0,0,0,0,0,0,0,0,0,0,0,1,0
envoy,2,0,1,0,1,0,0,0,0,0,0,0,0,0
return,4,1,1,0,0,0,0,0,0,0,1,0,0,1
seem,1,0,1,0,0,0,0,0,0,0,0,0,0,0
condit,1,0,1,0,0,0,0,0,0,0,0,0,0,0
condemn,1,0,1,0,0,0,0,0,0,0,0,0,0,0
launch,2,0,1,0,0,1,0,0,0,0,0,0,0,0
gone,3,0,0,1,0,1,0,0,0,0,0,0,0,0
guidelin,1,0,0,0,0,0,0,0,0,0,0,0,0,0
instal,1,0,0,0,0,0,0,0,0,0,0,0,0,0
preserv,1,0,0,0,0,0,0,0,0,0,0,0,0,0
credibl,1,0,0,0,0,0,0,0,0,0,0,0,0,0
rogu,2,1,0,0,0,0,0,0,0,0,0,0,0,0
pipe,1,0,0,0,0,0,0,0,0,0,0,0,0,0
organ,1,0,0,0,0,0,0,0,0,0,0,0,0,0
virtual,1,0,0,0,0,0,0,0,0,0,0,0,0,0
lobbyist,2,0,0,1,0,0,0,0,0,0,0,0,0,0
regard,1,0,0,0,0,0,0,0,0,0,0,0,0,0
winner,3,0,0,0,0,1,0,0,0,0,1,0,0,0
funni,1,0,0,0,0,0,0,0,1,0,0,0,0,0
hear,2,0,0,0,0,0,0,0,1,0,0,0,1,0
debt,1,0,0,0,0,0,0,0,1,0,0,0,0,0
harm,1,0,0,0,0,0,0,0,0,0,0,0,0,0
comm,2,1,0,0,0,0,0,0,0,0,0,0,1,0
inspector,2,1,0,0,0,0,0,0,0,0,0,0,1,0
seek,2,0,0,1,0,0,0,0,0,0,0,0,0,0
contempt,1,0,0,0,0,0,0,0,0,0,0,0,0,0
citat,1,0,0,0,0,0,0,0,0,0,0,0,0,0
withhold,1,0,0,0,0,0,0,0,0,0,0,0,0,0
key,1,0,0,0,0,0,0,0,0,0,0,0,0,0
document,1,0,0,0,0,0,0,0,0,0,0,0,0,0
shed,1,0,0,0,0,0,0,0,0,0,0,0,0,0
light,1,0,0,0,0,0,0,0,0,0,0,0,0,0
surveil,1,0,0,0,0,0,0,0,0,0,0,0,0,0
stuff,1,0,0,0,0,0,0,0,0,0,0,0,0,0
focus,3,1,0,0,1,0,0,0,0,0,0,0,0,0
destruct,1,0,0,0,0,0,0,0,0,0,0,0,0,0
radic,1,0,0,0,0,0,0,0,0,0,0,0,0,0
within,2,0,0,0,0,0,0,0,0,0,0,0,0,1
kingdom,1,0,0,0,0,0,0,0,0,0,0,0,0,0
lifetim,1,0,0,1,0,0,0,0,0,0,0,0,0,0
opportun,1,0,0,1,0,0,0,0,0,0,0,0,0,0
restor,2,0,0,2,0,0,0,0,0,0,0,0,0,0
reclaim,1,0,0,1,0,0,0,0,0,0,0,0,0,0
destini,2,0,0,1,1,0,0,0,0,0,0,0,0,0
bright,1,0,0,1,0,0,0,0,0,0,0,0,0,0
glow,1,0,0,1,0,0,0,0,0,0,0,0,0,0
main,1,0,0,1,0,0,0,0,0,0,0,0,0,0
street,3,0,1,2,0,0,0,0,0,0,0,0,0,0
finish,2,0,0,1,1,0,0,0,0,0,0,0,0,0
line,1,0,0,1,0,0,0,0,0,0,0,0,0,0
giant,1,0,0,1,0,0,0,0,0,0,0,0,0,0
exclud,1,0,0,0,0,0,0,0,0,0,1,0,0,0
hurrican,2,0,0,0,1,0,0,0,0,0,1,0,0,0
effect,2,0,0,0,1,0,0,0,0,0,1,0,0,0
shift,1,0,0,0,0,0,0,0,0,0,1,0,0,0
gear,1,0,0,0,0,0,0,0,0,0,1,0,0,0
xi,10,1,0,0,5,0,0,0,0,0,2,0,2,0
concern,2,0,0,0,0,0,0,0,0,0,0,0,1,1
provoc,1,0,0,0,0,0,0,0,0,0,0,0,1,0
impos,1,0,0,0,0,0,0,0,0,0,0,0,1,0
practition,1,0,0,0,0,1,0,0,0,0,0,0,0,0
contract,2,0,0,0,1,1,0,0,0,0,0,0,0,0
griffin,1,0,0,0,0,1,0,0,0,0,0,0,0,0
sexual,2,0,0,0,0,0,1,0,0,0,0,0,0,1
behavior,1,0,0,0,0,0,1,0,0,0,0,0,0,0
check,3,0,1,0,0,0,1,0,0,0,0,0,0,1
guess,2,1,0,0,1,0,0,0,0,0,0,0,0,0
somebodi,1,0,0,0,1,0,0,0,0,0,0,0,0,0
boycott,1,0,0,0,0,0,0,0,0,0,0,0,0,0
lawsuit,1,0,0,0,0,0,0,0,0,0,1,0,0,0
leadership,3,0,1,0,1,0,0,0,0,0,1,0,0,0
financi,2,0,0,1,0,0,0,0,0,0,1,0,0,0
bureau,2,0,0,1,0,0,0,0,0,0,1,0,0,0
misl,1,0,0,0,0,0,0,0,0,0,0,0,1,0
endang,1,0,0,0,0,0,0,0,0,0,0,0,1,0
hold,3,0,0,1,1,1,0,0,0,0,0,0,0,0
troop,3,0,0,0,1,1,0,0,1,0,0,0,0,0
hostag,1,0,0,0,0,1,0,0,0,0,0,0,0,0
amnesti,1,0,0,0,0,1,0,0,0,0,0,0,0,0
ran,1,0,0,0,0,1,0,0,0,0,0,0,0,0
ca,1,0,0,0,0,1,0,0,0,0,0,0,0,0
threaten,1,0,0,0,0,1,0,0,0,0,0,0,0,0
board,1,0,0,0,0,0,0,0,0,0,0,0,1,0
sentiment,1,0,0,0,0,0,0,0,0,0,0,0,1,0
near,1,0,0,0,0,0,0,0,0,0,0,0,1,0
index,1,0,0,0,0,0,0,0,0,0,0,0,1,0
notch,1,0,0,0,0,0,0,0,0,0,0,0,1,0
read,4,2,0,0,0,0,0,0,0,0,0,0,1,0
secretari,4,0,0,0,2,1,0,0,0,0,1,0,0,0
flood,1,0,0,0,1,0,0,0,0,0,0,0,0,0
uncheck,1,0,0,0,1,0,0,0,0,0,0,0,0,0
tell,1,0,0,0,0,0,0,1,0,0,0,0,0,0
felt,2,0,0,0,0,0,0,1,0,0,1,0,0,0
stadium,1,0,0,0,0,0,0,0,0,0,0,0,0,0
disrespect,3,0,1,0,0,0,0,0,0,0,0,0,0,1
reach,2,1,0,0,0,0,1,0,0,0,0,0,0,0
gain,2,0,0,0,1,0,1,0,0,0,0,0,0,0
mathemat,1,0,0,0,0,0,0,0,0,0,1,0,0,0
produc,1,0,0,0,0,0,0,0,0,0,1,0,0,0
save,4,0,0,0,0,0,0,0,1,0,1,0,1,1
provis,1,0,0,0,0,0,0,0,0,0,1,0,0,0
simpler,1,0,0,0,0,0,0,0,0,0,1,0,0,0
contest,1,0,0,0,0,1,0,0,0,0,0,0,0,0
plus,3,1,0,0,1,1,0,0,0,0,0,0,0,0
fox,1,0,0,0,0,1,0,0,0,0,0,0,0,0
distort,1,0,0,0,0,1,0,0,0,0,0,0,0,0
favorit,2,0,0,0,1,1,0,0,0,0,0,0,0,0
excus,1,0,0,0,0,0,0,0,0,0,0,0,1,0
enough,2,0,0,0,0,1,0,0,0,0,0,0,0,1
disast,5,0,2,2,1,0,0,0,0,0,0,0,0,0
realiz,4,0,1,0,1,0,0,0,1,0,0,0,0,1
intern,1,0,0,0,0,0,0,0,0,0,0,0,0,0
editori,1,0,1,0,0,0,0,0,0,0,0,0,0,0
journal,1,0,1,0,0,0,0,0,0,0,0,0,0,0
quit,2,0,1,0,1,0,0,0,0,0,0,0,0,0
pick,1,0,0,1,0,0,0,0,0,0,0,0,0,0
institut,1,0,0,1,0,0,0,0,0,0,0,0,0,0
proper,2,0,0,1,0,0,0,0,0,0,0,0,0,1
creator,1,0,0,0,0,0,0,0,0,0,1,0,0,0
shop,1,0,0,0,0,0,0,0,0,0,1,0,0,0
magazin,1,0,0,0,0,0,0,0,0,0,1,0,0,0
probabl,1,0,0,0,0,0,0,0,0,0,1,0,0,0
person,5,0,0,0,3,0,0,0,0,0,2,0,0,0
anyway,2,0,0,0,1,0,0,0,0,0,1,0,0,0
tragic,1,0,1,0,0,0,0,0,0,0,0,0,0,0
loss,1,0,1,0,0,0,0,0,0,0,0,0,0,0
tougher,3,0,1,1,0,1,0,0,0,0,0,0,0,0
ban,1,0,1,0,0,0,0,0,0,0,0,0,0,0
coward,1,0,0,0,0,0,0,0,0,0,0,0,0,1
innoc,1,0,0,0,0,0,0,0,0,0,0,0,0,1
defenseless,1,0,0,0,0,0,0,0,0,0,0,0,0,1
worship,1,0,0,0,0,0,0,0,0,0,0,0,0,1
toler,1,0,0,0,0,0,0,0,0,0,0,0,0,1
militarili,1,0,0,0,0,0,0,0,0,0,0,0,0,1
extremist,1,0,0,0,0,0,0,0,0,0,0,0,0,1
ideolog,1,0,0,0,0,0,0,0,0,0,0,0,0,1
turkey,4,0,0,1,3,0,0,0,0,0,0,0,0,0
golf,2,0,0,1,0,0,0,0,0,0,1,0,0,0
club,1,0,0,1,0,0,0,0,0,0,0,0,0,0
tiger,1,0,0,1,0,0,0,0,0,0,0,0,0,0
wood,1,0,0,1,0,0,0,0,0,0,0,0,0,0
mess,1,0,0,0,1,0,0,0,0,0,0,0,0,0
inherit,1,0,0,0,1,0,0,0,0,0,0,0,0,0
commission,2,0,1,0,1,0,0,0,0,0,0,0,0,0
hemorrhag,1,0,1,0,0,0,0,0,0,0,0,0,0,0
leagu,2,0,1,0,1,0,0,0,0,0,0,0,0,0
premium,2,0,0,0,1,0,0,0,0,0,1,0,0,0
own,1,0,0,0,1,0,0,0,0,0,0,0,0,0
worri,1,0,0,0,1,0,0,0,0,0,0,0,0,0
though,1,0,0,0,1,0,0,0,0,0,0,0,0,0
obstruct,2,0,0,0,2,0,0,0,0,0,0,0,0,0
replac,2,0,0,0,1,0,0,0,0,0,1,0,0,0
lake,1,0,0,0,1,0,0,0,0,0,0,0,0,0
worth,1,0,0,0,1,0,0,0,0,0,0,0,0,0
inlet,1,0,0,0,1,0,0,0,0,0,0,0,0,0
station,1,0,0,0,1,0,0,0,0,0,0,0,0,0
thanksgiv,5,1,0,1,3,0,0,0,0,0,0,0,0,0
video,1,0,0,0,1,0,0,0,0,0,0,0,0,0
teleconfer,1,0,0,0,1,0,0,0,0,0,0,0,0,0
coast,1,0,0,0,1,0,0,0,0,0,0,0,0,0
guard,1,0,0,0,1,0,0,0,0,0,0,0,0,0
quarter,1,0,0,0,1,0,0,0,0,0,0,0,0,0
search,2,0,1,0,1,0,0,0,0,0,0,0,0,0
mission,1,0,0,0,1,0,0,0,0,0,0,0,0,0
aboard,1,0,0,0,1,0,0,0,0,0,0,0,0,0
may,2,0,0,0,2,0,0,0,0,0,0,0,0,0
twelv,1,0,0,0,1,0,0,0,0,0,0,0,0,0
traffic,1,0,0,0,1,0,0,0,0,0,0,0,0,0
airport,1,0,0,0,1,0,0,0,0,0,0,0,0,0
smooth,1,0,0,0,1,0,0,0,0,0,0,0,0,0
conduct,1,0,1,0,0,0,0,0,0,0,0,0,0,0
aircraft,1,0,1,0,0,0,0,0,0,0,0,0,0,0
phone,1,0,0,0,1,0,0,0,0,0,0,0,0,0
winter,1,0,0,0,1,0,0,0,0,0,0,0,0,0
locker,1,0,0,0,1,0,0,0,0,0,0,0,0,0
season,2,0,0,0,1,0,0,0,0,0,0,0,0,1
paid,4,0,0,0,3,0,0,0,0,0,0,0,0,0
issu,1,0,0,0,1,0,0,0,0,0,0,0,0,0
shoplift,3,0,0,0,2,0,0,0,0,0,0,0,0,1
especi,1,0,0,0,1,0,0,0,0,0,0,0,0,0
ungrat,2,0,0,0,2,0,0,0,0,0,0,0,0,0
ground,1,0,0,0,1,0,0,0,0,0,0,0,0,0
term,1,0,0,0,1,0,0,0,0,0,0,0,0,0
prison,1,0,0,0,1,0,0,0,0,0,0,0,0,0
sentenc,1,0,0,0,1,0,0,0,0,0,0,0,0,0
version,1,0,0,0,1,0,0,0,0,0,0,0,0,0
hair,1,0,0,0,1,0,0,0,0,0,0,0,0,0
tradit,1,0,0,0,1,0,0,0,0,0,0,0,0,0
drumstick,1,0,0,0,1,0,0,0,0,0,0,0,0,0
wishbon,1,0,0,0,1,0,0,0,0,0,0,0,0,0
ridg,1,0,0,0,1,0,0,0,0,0,0,0,0,0
mountain,1,0,0,0,1,0,0,0,0,0,0,0,0,0
particip,3,1,0,0,2,0,0,0,0,0,0,0,0,0
pardon,1,0,0,0,1,0,0,0,0,0,0,0,0,0
analyst,1,0,0,0,0,0,0,0,0,0,1,0,0,0
lynch,1,0,0,0,0,0,0,0,0,0,0,0,0,1
raider,1,0,0,0,0,0,0,0,0,0,0,0,0,1
sit,1,0,0,0,0,0,0,0,0,0,0,0,0,1
boo,1,0,0,0,0,0,0,0,0,0,0,0,0,1
remaind,1,0,0,0,0,0,0,0,0,0,0,0,0,1
attend,1,0,0,0,0,0,0,0,0,0,0,0,0,1
mind,1,0,0,0,1,0,0,0,0,0,0,0,0,0
horror,2,0,0,1,1,0,0,0,0,0,0,0,0,0
conserv,2,0,0,0,2,0,0,0,0,0,0,0,0,0
eleph,1,0,0,0,1,0,0,0,0,0,0,0,0,0
anim,2,0,0,0,2,0,0,0,0,0,0,0,0,0
gotten,1,0,0,0,1,0,0,0,0,0,0,0,0,0
trip,4,0,0,0,3,0,0,0,0,0,1,0,0,0
instead,2,1,0,0,1,0,0,0,0,0,0,0,0,0
flake,1,0,0,0,1,0,0,0,0,0,0,0,0,0
unelect,1,0,0,0,1,0,0,0,0,0,0,0,0,0
anem,1,0,0,0,1,0,0,0,0,0,0,0,0,0
basketbal,3,1,0,0,0,0,0,0,0,0,0,0,0,2
ball,1,0,0,0,0,0,0,0,0,0,0,0,0,1
updat,1,0,0,0,1,0,0,0,0,0,0,0,0,0
collegi,1,0,0,0,0,0,0,0,0,0,1,0,0,0
champion,2,0,0,0,1,0,0,0,0,0,1,0,0,0
vile,1,0,0,1,0,0,0,0,0,0,0,0,0,0
cartel,1,0,0,1,0,0,0,0,0,0,0,0,0,0
gang,1,0,0,1,0,0,0,0,0,0,0,0,0,0
arrest,1,1,0,0,0,0,0,0,0,0,0,0,0,0
crackdown,1,1,0,0,0,0,0,0,0,0,0,0,0,0
lectur,1,0,0,0,0,0,0,0,0,0,0,0,0,1
harass,1,0,0,0,0,0,0,0,0,0,0,0,0,1
sleep,1,0,0,0,0,0,0,0,0,0,0,0,0,1
toward,2,0,0,0,1,0,0,0,0,0,1,0,0,0
renew,2,0,0,1,1,0,0,0,0,0,0,0,0,0
mechan,1,0,0,0,1,0,0,0,0,0,0,0,0,0
mass,1,0,0,0,1,0,0,0,0,0,0,0,0,0
murder,1,0,0,0,1,0,0,0,0,0,0,0,0,0
chemic,1,0,0,0,1,0,0,0,0,0,0,0,0,0
weapon,1,0,0,0,1,0,0,0,0,0,0,0,0,0
send,2,0,0,0,2,0,0,0,0,0,0,0,0,0
deleg,2,0,0,0,1,0,0,0,0,0,1,0,0,0
pitfal,1,1,0,0,0,0,0,0,0,0,0,0,0,0
wind,1,1,0,0,0,0,0,0,0,0,0,0,0,0
delay,1,0,0,0,1,0,0,0,0,0,0,0,0,0
naiv,1,0,1,0,0,0,0,0,0,0,0,0,0,0
dumb,1,0,1,0,0,0,0,0,0,0,0,0,0,0
ineffect,1,0,1,0,0,0,0,0,0,0,0,0,0,0
relationship,4,0,1,1,2,0,0,0,0,0,0,0,0,0
friendship,3,0,0,1,2,0,0,0,0,0,0,0,0,0
fruit,1,0,0,0,0,0,0,0,0,0,1,0,0,0
staff,1,0,0,0,1,0,0,0,0,0,0,0,0,0
upon,2,1,0,0,1,0,0,0,0,0,0,0,0,0
date,1,1,0,0,0,0,0,0,0,0,0,0,0,0
unlik,1,0,0,1,0,0,0,0,0,0,0,0,0,0
tour,1,0,0,0,1,0,0,0,0,0,0,0,0,0
reciproc,1,0,0,0,1,0,0,0,0,0,0,0,0,0
deficit,1,0,0,0,1,0,0,0,0,0,0,0,0,0
floor,1,0,0,0,0,0,0,0,0,0,0,0,1,0
reduc,1,0,0,0,1,0,0,0,0,0,0,0,0,0
constant,1,0,0,0,0,0,0,0,0,0,1,0,0,0
bilater,1,0,0,0,0,0,0,0,0,0,1,0,0,0
gala,1,0,0,0,1,0,0,0,0,0,0,0,0,0
event,2,1,0,0,1,0,0,0,0,0,0,0,0,0
insult,1,0,0,0,1,0,0,0,0,0,0,0,0,0
fat,1,0,0,0,1,0,0,0,0,0,0,0,0,0
oh,1,0,0,0,1,0,0,0,0,0,0,0,0,0
mayb,1,0,0,0,1,0,0,0,0,0,0,0,0,0
someday,1,0,0,0,1,0,0,0,0,0,0,0,0,0
misspel,1,0,0,0,0,1,0,0,0,0,0,0,0,0
reset,1,0,0,0,0,1,0,0,0,0,0,0,0,0
chemistri,1,0,0,0,0,1,0,0,0,0,0,0,0,0
solv,2,0,1,0,0,0,0,0,0,0,0,0,1,0
crisi,1,0,0,0,0,0,0,0,0,0,0,0,1,0
destin,1,0,0,0,1,0,0,0,0,0,0,0,0,0
up,1,0,0,0,0,0,0,0,0,0,0,0,1,0
denuclear,1,0,0,0,0,0,0,0,0,0,0,0,1,0
commemor,1,0,0,0,1,0,0,0,0,0,0,0,0,0
anniversari,1,0,0,0,1,0,0,0,0,0,0,0,0,0
birthday,5,3,0,0,1,0,0,1,0,0,0,0,0,0
remind,1,0,0,0,1,0,0,0,0,0,0,0,0,0
relat,1,0,0,0,1,0,0,0,0,0,0,0,0,0
vital,1,0,0,0,1,0,0,0,0,0,0,0,0,0
strength,4,0,0,0,4,0,0,0,0,0,0,0,0,0
mutual,1,0,0,0,1,0,0,0,0,0,0,0,0,0
benefici,1,0,0,0,1,0,0,0,0,0,0,0,0,0
commerc,2,0,0,1,1,0,0,0,0,0,0,0,0,0
mine,1,0,0,0,1,0,0,0,0,0,0,0,0,0
messag,1,0,0,0,1,0,0,0,0,0,0,0,0,0
offer,1,0,0,1,0,0,0,0,0,0,0,0,0,0
partnership,1,0,0,1,0,0,0,0,0,0,0,0,0,0
bond,1,0,0,1,0,0,0,0,0,0,0,0,0,0
region,1,0,0,0,1,0,0,0,0,0,0,0,0,0
sovereign,2,0,0,0,2,0,0,0,0,0,0,0,0,0
independ,2,0,0,0,2,0,0,0,0,0,0,0,0,0
unlock,1,0,0,0,1,0,0,0,0,0,0,0,0,0
pleasur,2,0,0,0,1,0,0,0,0,0,1,0,0,0
share,1,0,0,0,1,0,0,0,0,0,0,0,0,0
cultur,1,0,0,0,1,0,0,0,0,0,0,0,0,0
behind,1,0,0,0,1,0,0,0,0,0,0,0,0,0
zoo,1,0,0,0,1,0,0,0,0,0,0,0,0,0
cours,1,0,0,0,1,0,0,0,0,0,0,0,0,0
greet,1,0,0,0,1,0,0,0,0,0,0,0,0,0
madam,2,0,0,0,2,0,0,0,0,0,0,0,0,0
blame,1,0,1,0,0,0,0,0,0,0,0,0,0,0
advantag,1,0,1,0,0,0,0,0,0,0,0,0,0,0
clue,1,0,1,0,0,0,0,0,0,0,0,0,0,0
ceremoni,3,0,0,1,0,0,0,0,0,0,2,0,0,0
memor,1,0,0,0,0,0,0,0,0,0,1,0,0,0
impress,2,0,0,0,0,0,0,0,0,0,2,0,0,0
display,1,0,0,0,0,0,0,0,0,0,1,0,0,0
elector,1,0,0,0,1,0,0,0,0,0,0,0,0,0
colleg,1,0,0,0,1,0,0,0,0,0,0,0,0,0
landslid,1,0,0,0,1,0,0,0,0,0,0,0,0,0
interpret,1,0,0,0,0,0,0,0,0,0,0,0,0,1
restraint,1,0,0,0,0,0,0,0,0,0,0,0,0,1
fatal,1,0,0,0,0,0,0,0,0,0,0,0,0,1
miscalcul,1,0,0,0,0,0,0,0,0,0,0,0,0,1
underestim,2,0,0,0,0,0,0,0,0,0,0,0,0,2
rejoin,1,0,0,0,1,0,0,0,0,0,0,0,0,0
peninsula,1,0,0,1,0,0,0,0,0,0,0,0,0,0
reunit,1,0,0,1,0,0,0,0,0,0,0,0,0,0
ballist,1,0,0,0,1,0,0,0,0,0,0,0,0,0
program,4,0,0,0,3,0,0,0,0,0,0,0,0,1
defianc,1,0,0,0,1,0,0,0,0,0,0,0,0,0
assur,1,0,0,0,1,0,0,0,0,0,0,0,0,0
newest,1,0,0,0,1,0,0,0,0,0,0,0,0,0
finest,1,0,0,0,1,0,0,0,0,0,0,0,0,0
equip,1,0,0,0,1,0,0,0,0,0,0,0,0,0
anywher,1,0,0,0,1,0,0,0,0,0,0,0,0,0
built,1,0,0,0,1,0,0,0,0,0,0,0,0,0
embrac,1,0,0,0,1,0,0,0,0,0,0,0,0,0
readi,3,0,0,1,2,0,0,0,0,0,0,0,0,0
assembl,1,0,0,0,1,0,0,0,0,0,0,0,0,0
l,1,1,0,0,0,0,0,0,0,0,0,0,0,0
collect,1,1,0,0,0,0,0,0,0,0,0,0,0,0
dispos,1,1,0,0,0,0,0,0,0,0,0,0,0,0
franklin,1,1,0,0,0,0,0,0,0,0,0,0,0,0
perform,1,0,0,1,0,0,0,0,0,0,0,0,0,0
asap,2,1,0,1,0,0,0,0,0,0,0,0,0,0
rampant,1,0,0,0,0,0,0,0,0,0,0,0,0,1
moon,2,0,0,1,0,0,0,0,0,0,1,0,0,0
lunch,1,0,0,0,0,0,0,0,1,0,0,0,0,0
harsh,1,0,0,0,1,0,0,0,0,0,0,0,0,0
exact,1,0,0,0,1,0,0,0,0,0,0,0,0,0
gentleman,1,0,0,1,0,0,0,0,0,0,0,0,0,0
figur,1,0,0,1,0,0,0,0,0,0,0,0,0,0
japan,4,0,0,1,3,0,0,0,0,0,0,0,0,0
pm,1,0,0,0,1,0,0,0,0,0,0,0,0,0
yield,1,0,0,0,1,0,0,0,0,0,0,0,0,0
energi,1,0,0,0,1,0,0,0,0,0,0,0,0,0
pull,2,0,0,0,2,0,0,0,0,0,0,0,0,0
lock,1,0,0,0,1,0,0,0,0,0,0,0,0,0
arm,1,0,0,0,1,0,0,0,0,0,0,0,0,0
tear,1,0,0,0,1,0,0,0,0,0,0,0,0,0
spring,1,0,0,0,1,0,0,0,0,0,0,0,0,0
exchang,1,0,0,0,1,0,0,0,0,0,0,0,0,0
trill,1,0,0,0,1,0,0,0,0,0,0,0,0,0
sergeant,1,0,0,0,0,0,0,0,0,0,0,0,0,1
sander,3,0,0,0,2,0,0,0,0,0,1,0,0,0
h,2,0,0,0,1,0,0,0,0,0,1,0,0,0
apoplect,1,0,0,0,1,0,0,0,0,0,0,0,0,0
theft,1,0,0,0,1,0,0,0,0,0,0,0,0,0
harder,1,0,0,0,0,0,0,0,0,0,0,0,0,1
degener,1,0,0,0,1,0,0,0,0,0,0,0,0,0
wound,1,0,0,0,1,0,0,0,0,0,0,0,0,0
legendari,1,0,0,1,0,0,0,0,0,0,0,0,0,0
bought,2,0,0,0,2,0,0,0,0,0,0,0,0,0
stole,2,0,0,0,2,0,0,0,0,0,0,0,0,0
crazi,2,0,0,1,1,0,0,0,0,0,0,0,0,0
uranium,2,1,0,0,1,0,0,0,0,0,0,0,0,0
server,1,0,0,0,1,0,0,0,0,0,0,0,0,0
twitter,1,1,0,0,0,0,0,0,0,0,0,0,0,0
employe,1,1,0,0,0,0,0,0,0,0,0,0,0,0
financ,1,0,1,0,0,0,0,0,0,0,0,0,0,0
launder,1,0,1,0,0,0,0,0,0,0,0,0,0,0
steal,1,0,0,0,1,0,0,0,0,0,0,0,0,0
storm,1,0,0,1,0,0,0,0,0,0,0,0,0,0
hill,1,0,0,1,0,0,0,0,0,0,0,0,0,0
rev,1,1,0,0,0,0,0,0,0,0,0,0,0,0
hock,1,0,0,0,1,0,0,0,0,0,0,0,0,0
tan,1,0,0,0,1,0,0,0,0,0,0,0,0,0
divers,2,0,0,0,1,0,0,0,0,0,0,0,0,1
vulner,1,0,0,0,1,0,0,0,0,0,0,0,0,0
fast,2,0,0,0,0,0,0,0,0,0,0,0,1,1
statist,1,0,0,0,1,0,0,0,0,0,0,0,0,0
process,2,1,0,0,1,0,0,0,0,0,0,0,0,0
hang,1,0,0,0,0,0,0,0,0,0,0,0,0,1
hospit,1,0,0,0,0,0,0,0,0,0,0,0,0,1
injur,1,0,0,0,0,0,0,0,0,0,0,0,0,1
extrem,3,0,0,0,1,1,0,0,0,0,1,0,0,0
clean,1,0,0,0,1,0,0,0,0,0,0,0,0,0
coal,2,1,0,0,1,0,0,0,0,0,0,0,0,0
miner,1,0,0,0,1,0,0,0,0,0,0,0,0,0
implement,1,0,0,0,0,1,0,0,0,0,0,0,0,0
procedur,1,0,0,0,0,1,0,0,0,0,0,0,0,0
five,1,0,1,0,0,0,0,0,0,0,0,0,0,0
whole,1,0,0,0,0,0,0,0,0,0,0,0,0,1
evil,2,1,0,0,0,0,0,0,0,0,0,0,0,1
accept,1,0,0,0,0,0,0,0,0,0,0,0,0,1
appeal,1,1,0,0,0,0,0,0,0,0,0,0,0,0
clip,1,1,0,0,0,0,0,0,0,0,0,0,0,0
district,1,1,0,0,0,0,0,0,0,0,0,0,0,0
profession,1,0,0,0,0,0,0,0,0,0,1,0,0,0
effort,1,1,0,0,0,0,0,0,0,0,0,0,0,0
mourn,1,0,1,0,0,0,0,0,0,0,0,0,0,0
horrifi,1,0,1,0,0,0,0,0,0,0,0,0,0,0
pray,1,0,1,0,0,0,0,0,0,0,0,0,0,0
griev,1,0,1,0,0,0,0,0,0,0,0,0,0,0
precious,1,0,1,0,0,0,0,0,0,0,0,0,0,0
merit,2,0,0,1,0,0,0,0,0,0,0,0,0,1
homeland,1,0,0,0,1,0,0,0,0,0,0,0,0,0
late,1,0,0,0,1,0,0,0,0,0,0,0,0,0
enter,2,0,0,0,1,0,0,0,0,0,0,0,0,1
elsewher,1,0,0,0,0,0,0,0,0,0,0,0,0,1
sick,1,0,0,0,1,0,0,0,0,0,0,0,0,0
derang,1,0,0,0,1,0,0,0,0,0,0,0,0,0
apprehens,1,1,0,0,0,0,0,0,0,0,0,0,0,0
shatter,1,0,0,0,0,0,0,0,0,0,0,0,0,1
brother,1,0,0,0,0,0,0,0,0,0,0,0,0,1
drain,1,0,0,0,0,0,0,0,0,0,0,0,0,1
swamp,1,0,0,0,0,0,0,0,0,0,0,0,0,1
dither,1,1,0,0,0,0,0,0,0,0,0,0,0,0
volunt,1,0,0,0,0,0,0,0,0,0,0,0,0,1
liar,1,0,0,0,0,0,0,0,0,0,0,0,0,1
sorri,1,1,0,0,0,0,0,0,0,0,0,0,0,0
fusion,1,0,0,0,0,0,0,0,0,0,0,0,0,0
coincident,1,0,0,0,0,1,0,0,0,0,0,0,0,0
guilt,1,0,0,0,0,0,0,0,0,0,0,0,0,1
pour,1,0,0,0,0,0,0,0,0,0,0,0,0,1
r,1,1,0,0,0,0,0,0,0,0,0,0,0,0
fix,1,1,0,0,0,0,0,0,0,0,0,0,0,0
anger,1,0,0,0,0,0,0,0,0,0,0,0,0,1
uniti,2,0,0,0,0,0,0,0,0,0,0,0,0,2
lack,1,0,0,0,0,0,0,0,0,0,0,0,0,1
usual,1,0,0,0,0,0,0,0,0,0,1,0,0,0
file,2,2,0,0,0,0,0,0,0,0,0,0,0,0
schedul,1,1,0,0,0,0,0,0,0,0,0,0,0,0
bomb,1,0,1,0,0,0,0,0,0,0,0,0,0,0
courag,1,0,0,0,0,0,0,0,0,0,1,0,0,0
conspiraci,1,1,0,0,0,0,0,0,0,0,0,0,0,0
theori,1,1,0,0,0,0,0,0,0,0,0,0,0,0
disclosur,1,0,0,0,1,0,0,0,0,0,0,0,0,0
transpar,2,1,0,0,1,0,0,0,0,0,0,0,0,0
consult,1,0,0,0,1,0,0,0,0,0,0,0,0,0
agenc,1,0,0,0,1,0,0,0,0,0,0,0,0,0
prescript,1,0,0,0,1,0,0,0,0,0,0,0,0,0
nice,1,0,0,0,0,0,0,0,0,0,0,0,0,0
jimmi,1,0,0,0,0,0,0,0,0,0,0,0,0,0
carter,1,0,0,0,0,0,0,0,0,0,0,0,0,0
consecut,1,0,0,0,1,0,0,0,0,0,0,0,0,0
q,1,0,0,0,1,0,0,0,0,0,0,0,0,0
anxious,1,0,0,0,1,0,0,0,0,0,0,0,0,0
await,1,0,0,0,1,0,0,0,0,0,0,0,0,0
depth,1,0,0,0,1,0,0,0,0,0,0,0,0,0
despair,1,0,0,0,1,0,0,0,0,0,0,0,0,0
black,1,0,0,0,0,0,0,0,0,0,0,0,1,0
committe,1,0,0,0,0,0,0,0,0,0,0,0,1,0
chairwoman,1,0,0,0,0,0,0,0,0,0,0,0,1,0
common,1,0,1,0,0,0,0,0,0,0,0,0,0,0
song,1,0,0,0,0,0,0,1,0,0,0,0,0,0
luck,1,0,0,0,1,0,0,0,0,0,0,0,0,0
wacki,1,0,0,0,0,0,0,0,0,1,0,0,0,0
unhing,1,0,0,0,0,0,0,0,0,1,0,0,0,0
tom,1,0,0,0,0,0,0,0,0,1,0,0,0,0
afflict,1,0,0,0,1,0,0,0,0,0,0,0,0,0
abus,1,0,0,0,1,0,0,0,0,0,0,0,0,0
health,1,0,0,0,1,0,0,0,0,0,0,0,0,0
emerg,1,0,0,0,1,0,0,0,0,0,0,0,0,0
oppon,1,0,0,0,1,0,0,0,0,0,0,0,0,0
might,1,0,0,0,0,0,0,0,0,0,0,0,1,0
